BLDG_NM,THING_AMT,address,latitude,longitude,THING_AMT_KOR
(121-34),32700,서울특별시 광진구 중곡동 0121-0034 (121-34),37.5563570233191,127.086510985,3억 2천
(13-27),44000,서울특별시 광진구 자양동 0013-0027 (13-27),37.5400602691335,127.065087892994,4억 4천
(13-50),35000,서울특별시 광진구 자양동 0013-0050 (13-50),37.5407211016154,127.065180119813,3억 5천
(134-15),35500,서울특별시 광진구 중곡동 0134-0015 (134-15),37.556891543707,127.085204765327,3억 5천
(150-242),31000,서울특별시 광진구 중곡동 0150-0242 (150-242),37.5597272084353,127.084763763587,3억 1천
(16-32),39500,서울특별시 광진구 자양동 0016-0032 (16-32),37.5400814036684,127.063838847287,3억 9천
(161-0),28000,서울특별시 광진구 능동 0161-0000 (161-0),37.5536415109866,127.081045214401,2억 8천
(199-8),23900,서울특별시 광진구 구의동 0199-0008 (199-8),37.5404564288976,127.095232480401,2억 3천
(220-9),31000,서울특별시 광진구 중곡동 0220-0009 (220-9),37.5662310391792,127.082360080076,3억 1천
(221-75),15000,서울특별시 광진구 구의동 0221-0075 (221-75),37.5398022422156,127.08883665532,1억 5천
(223-24),40000,서울특별시 광진구 구의동 0223-0024 (223-24),37.541146854316,127.090784459955,4억
(229-16),24000,서울특별시 광진구 자양동 0229-0016 (229-16),37.5356818168091,127.078495773598,2억 4천
(230-9),90000,서울특별시 광진구 구의동 0230-0009 (230-9),37.5442384200134,127.088813969445,9억
(234-20),33000,서울특별시 광진구 중곡동 0234-0020 (234-20),37.5650687387155,127.078005481236,3억 3천
(240-7),35000,서울특별시 광진구 능동 0240-0007 (240-7),37.5537619941707,127.082060147262,3억 5천
(242-31),22000,서울특별시 광진구 구의동 0242-0031 (242-31),37.5393646570765,127.08746816461,2억 2천
(243-4),28700,서울특별시 광진구 중곡동 0243-0004 (243-4),37.5625516818401,127.080340334357,2억 8천
(350-8),39000,서울특별시 광진구 광장동 0350-0008 (350-8),37.5488508366095,127.105434875886,3억 9천
(4-0),38500,서울특별시 광진구 군자동 0004-0000 (4-0),37.5572871114739,127.074787807267,3억 8천
(473-1),20000,서울특별시 광진구 군자동 0473-0001 (473-1),37.5577379944448,127.076993281444,2억
(476-13),54000,서울특별시 광진구 군자동 0476-0013 (476-13),37.5561630906237,127.078031394404,5억 4천
(48-59),107000,서울특별시 광진구 자양동 0048-0059 (48-59),37.5345213306323,127.066292450604,10억 7천
(547-8),27500,서울특별시 광진구 구의동 0547-0008 (547-8),37.5325273835363,127.092707551171,2억 7천
(552-7),18000,서울특별시 광진구 중곡동 0552-0007 (552-7),37.5708266125684,127.083703350427,1억 8천
(56-9),104000,서울특별시 광진구 자양동 0056-0009 (56-9),37.5350595877279,127.063338775774,10억 4천
(57-91),93000,서울특별시 광진구 자양동 0057-0091 (57-91),37.5343462213464,127.06491344081,9억 3천
(581-12),38500,서울특별시 광진구 자양동 0581-0012 (581-12),37.5325838219082,127.074594443269,3억 8천
(593-15),46000,서울특별시 광진구 자양동 0593-0015 (593-15),37.5297572813449,127.076580646132,4억 6천
(603-0),60000,서울특별시 광진구 자양동 0603-0000 (603-0),37.5320497274074,127.076952272319,6억
(610-8),21500,서울특별시 광진구 자양동 0610-0008 (610-8),37.5333446743894,127.076213667698,2억 1천
(611-39),40000,서울특별시 광진구 자양동 0611-0039 (611-39),37.5346977475461,127.077398396488,4억
(634-6),39500,서울특별시 광진구 구의동 0634-0006 (634-6),37.5443609794348,127.083215467496,3억 9천
(635-9),18000,서울특별시 광진구 자양동 0635-0009 (635-9),37.5321020277175,127.080932748801,1억 8천
(636-8),43500,서울특별시 광진구 구의동 0636-0008 (636-8),37.5436790157882,127.08321176744,4억 3천
(638-7),80000,서울특별시 광진구 자양동 0638-0007 (638-7),37.5306083263804,127.080039172264,8억
(640-11),54000,서울특별시 광진구 자양동 0640-0011 (640-11),37.5296827743837,127.079033436733,5억 4천
(640-24),34500,서울특별시 광진구 자양동 0640-0024 (640-24),37.5294281450478,127.079311703999,3억 4천
(640-25),38000,서울특별시 광진구 자양동 0640-0025 (640-25),37.5293384237545,127.079284230604,3억 8천
(647-33),56800,서울특별시 광진구 자양동 0647-0033 (647-33),37.5290879565913,127.080068885677,5억 6천
(650-42),49500,서울특별시 광진구 자양동 0650-0042 (650-42),37.5296605494025,127.081638784406,4억 9천
(651-29),55000,서울특별시 광진구 자양동 0651-0029 (651-29),37.5306806449716,127.081795118679,5억 5천
(655-45),38500,서울특별시 광진구 자양동 0655-0045 (655-45),37.5331853605955,127.082539145232,3억 8천
(663-24),40000,서울특별시 광진구 자양동 0663-0024 (663-24),37.5302632438016,127.082782673156,4억
(664-11),44500,서울특별시 광진구 자양동 0664-0011 (664-11),37.5305335992294,127.084107451287,4억 4천
(667-24),53000,서울특별시 광진구 자양동 0667-0024 (667-24),37.529826255621,127.084817934297,5억 3천
(667-35),32000,서울특별시 광진구 자양동 0667-0035 (667-35),37.5297798692082,127.084293390069,3억 2천
(67-10),34800,서울특별시 광진구 중곡동 0067-0010 (67-10),37.5593118873035,127.09251357621,3억 4천
(680-16),67000,서울특별시 광진구 자양동 0680-0016 (680-16),37.5363383407274,127.085052277136,6억 7천
(682-15),69500,서울특별시 광진구 자양동 0682-0015 (682-15),37.5328865091336,127.087042209681,6억 9천
(686-11),147288,서울특별시 광진구 자양동 0686-0011 (686-11),37.5311977060121,127.087119555906,14억 7천
(686-47),87303,서울특별시 광진구 자양동 0686-0047 (686-47),37.5317965298415,127.087945477921,8억 7천
(690-18),97420,서울특별시 광진구 자양동 0690-0018 (690-18),37.5306464254319,127.088396784032,9억 7천
(690-23),66620,서울특별시 광진구 자양동 0690-0023 (690-23),37.5307682993095,127.087956376181,6억 6천
(850-2),26700,서울특별시 광진구 자양동 0850-0002 (850-2),37.5378645626077,127.067442039448,2억 6천
(92-20),25300,서울특별시 광진구 중곡동 0092-0020 (92-20),37.5556948771351,127.088940737892,2억 5천
AZ0213,37500,서울특별시 광진구 구의동 0252-0009 AZ0213,37.5394634286348,127.084088853933,3억 7천
BrickHandsII,44500,서울특별시 광진구 자양동 0227-0167 BrickHandsII,37.5369744118572,127.075705152387,4억 4천
CA헤쎄드빌,23000,서울특별시 광진구 구의동 0021-0004 CA헤쎄드빌,37.5540047571672,127.095662679345,2억 3천
DM7 화양,25000,서울특별시 광진구 화양동 0029-0025 DM7 화양,37.5448129170703,127.073730110469,2억 5천
JHBILL,47500,서울특별시 광진구 중곡동 0255-0001 JHBILL,37.5621669307289,127.077959445943,4억 7천
KCC파크타운,23600,서울특별시 광진구 화양동 0527-0000 KCC파크타운,37.5465827364135,127.075037832318,2억 3천
K아트빌,51700,서울특별시 광진구 구의동 0232-0070 K아트빌,37.5439212963001,127.087570123075,5억 1천
LAXVILL,44000,서울특별시 광진구 능동 0246-0015 LAXVILL,37.55441597635,127.085186781751,4억 4천
M캐슬가을,55000,서울특별시 광진구 능동 0240-0008 M캐슬가을,37.5534575678184,127.081900469659,5억 5천
RICHEN5,27000,서울특별시 광진구 중곡동 0288-0035 RICHEN5,37.5696624340103,127.086948362177,2억 7천
RIVERSIDE,53000,서울특별시 광진구 자양동 0553-0142 RIVERSIDE,37.5369837503332,127.065348847751,5억 3천
SKY파크뷰,30000,서울특별시 광진구 구의동 0204-0025 SKY파크뷰,37.5429158907262,127.091582872339,3억
THEArium,64700,서울특별시 광진구 중곡동 0126-0023 THEArium,37.558085933836,127.086896541723,6억 4천
THEHEAVEN,47000,서울특별시 광진구 중곡동 0253-0032 THEHEAVEN,37.5615956287029,127.076273787634,4억 7천
TheHILL,41000,서울특별시 광진구 구의동 0016-0001 TheHILL,37.5549229659965,127.096324780607,4억 1천
WinnerSiwon,69500,서울특별시 광진구 자양동 0227-0144 WinnerSiwon,37.5369773591271,127.076165996637,6억 9천
Y-PARK(와이파크),70000,서울특별시 광진구 자양동 0601-0018 Y-PARK(와이파크),37.5324325547136,127.075710064978,7억
Y-PARK2차,56000,서울특별시 광진구 자양동 0680-0011 Y-PARK2차,37.5361391062664,127.084078219237,5억 6천
YN빌라(3동),27500,서울특별시 광진구 구의동 0209-0071 YN빌라(3동),37.5411260904641,127.091421365538,2억 7천
e편한세상광진그랜드파크,228500,서울특별시 광진구 구의동 0680-0000 e편한세상광진그랜드파크,37.5441837427939,127.080896132131,22억 8천
storyhouseⅣ,35800,서울특별시 광진구 구의동 0204-0012 storyhouseⅣ,37.5429060104646,127.092006962797,3억 5천
秀GreenVill,41800,서울특별시 광진구 중곡동 0124-0048 秀GreenVill,37.5581649546863,127.087380240668,4억 1천
가든시티,37200,서울특별시 광진구 중곡동 0211-0024 가든시티,37.5691362709934,127.082786964186,3억 7천
가든카운티102동,47500,서울특별시 광진구 능동 0315-0001 가든카운티102동,37.5526723983253,127.077693453232,4억 7천
가은이스투아,55000,서울특별시 광진구 구의동 0220-0036 가은이스투아,37.5392186827974,127.089765819744,5억 5천
강변리치빌,70000,서울특별시 광진구 자양동 0683-0019 강변리치빌,37.5331867554481,127.087728411352,7억
강변빌라3동,35000,서울특별시 광진구 광장동 0182-0015 강변빌라3동,37.5484355889922,127.108591417318,3억 5천
강변아파트,19000,서울특별시 광진구 구의동 0198-0005 강변아파트,37.5398764430706,127.09547094138,1억 9천
강변에스케이뷰,24400,서울특별시 광진구 구의동 0667-0000 강변에스케이뷰,37.5386707378926,127.090182113114,2억 4천
강변역 센트럴 아이파크,149380,서울특별시 광진구 구의동 0592-0039 강변역 센트럴 아이파크,37.5345276620302,127.090308481473,14억 9천
강변연립(665-4),68500,서울특별시 광진구 자양동 0665-0004 강변연립(665-4),37.5301174203212,127.083736127294,6억 8천
강변현대하이엘,154000,서울특별시 광진구 구의동 0547-0000 강변현대하이엘,37.534151371835,127.09221581351,15억 4천
개성하이빌,45000,서울특별시 광진구 구의동 0066-0076 개성하이빌,37.5455933063556,127.088019620448,4억 5천
거성빌라5차,22500,서울특별시 광진구 중곡동 0075-0003 거성빌라5차,37.5584576980413,127.092914188385,2억 2천
건국빌라(12-25),33000,서울특별시 광진구 화양동 0012-0025 건국빌라(12-25),37.5435617718882,127.070664404685,3억 3천
건대 트레비앙 오피스텔,25500,서울특별시 광진구 화양동 0174-0000 건대 트레비앙 오피스텔,37.5475682226645,127.071299514156,2억 5천
건대입구역자이엘라,33200,서울특별시 광진구 자양동 0002-0002 건대입구역자이엘라,37.5391238503525,127.069683630291,3억 3천
건일빌라,32700,서울특별시 광진구 중곡동 0617-0001 건일빌라,37.5611356155243,127.077051444492,3억 2천
결,20500,서울특별시 광진구 자양동 0680-0006 결,37.5361391062664,127.084078219237,2억
경남,98000,서울특별시 광진구 자양동 0641-0000 경남,37.5289477821397,127.078966591413,9억 8천
경남아너스빌,89000,서울특별시 광진구 자양동 0666-0028 경남아너스빌,37.5292885731061,127.082864749328,8억 9천
경성빌라,45500,서울특별시 광진구 화양동 0024-0014 경성빌라,37.5459126255777,127.066853054858,4억 5천
경성타워,58000,서울특별시 광진구 자양동 0640-0020 경성타워,37.5296552866605,127.079178672237,5억 8천
경성하이츠,34000,서울특별시 광진구 군자동 0240-0000 경성하이츠,37.5529113453304,127.076447478776,3억 4천
공원빌라,30000,서울특별시 광진구 구의동 0051-0019 공원빌라,37.5526821428695,127.091157422921,3억
광나루현대,150000,서울특별시 광진구 광장동 0567-0000 광나루현대,37.5470812420491,127.10855459915,15억
광남캐스빌3차,50500,서울특별시 광진구 중곡동 0646-0010 광남캐스빌3차,37.5589266709124,127.079051865013,5억
광동빌라,18500,서울특별시 광진구 구의동 0059-0029 광동빌라,37.5483244745711,127.09276547442,1억 8천
광양아트빌라트,79000,서울특별시 광진구 자양동 0667-0002 광양아트빌라트,37.530294295942,127.084984773192,7억 9천
광장동현대Ⅰ빌라트,129500,서울특별시 광진구 광장동 0350-0001 광장동현대Ⅰ빌라트,37.5492794520241,127.105119865271,12억 9천
광장르엣지29,112000,서울특별시 광진구 광장동 0530-0001 광장르엣지29,37.5429813142048,127.094428900535,11억 2천
광장빌리지(457-3),58000,서울특별시 광진구 광장동 0457-0003 광장빌리지(457-3),37.5417838161562,127.100517153246,5억 8천
광장자이,260000,서울특별시 광진구 광장동 0581-0000 광장자이,37.54257313525,127.095246940713,26억
광장현대9단지,173000,서울특별시 광진구 광장동 0576-0000 광장현대9단지,37.5424699220874,127.09773245669,17억 3천
광장힐스테이트,280000,서울특별시 광진구 광장동 0582-0000 광장힐스테이트,37.5431780182608,127.099564904065,28억
광진We’vePark,139000,서울특별시 광진구 군자동 0503-0000 광진We’vePark,37.5484379045958,127.071086917603,13억 9천
광진스위트엠아파트,92500,서울특별시 광진구 화양동 0532-0000 광진스위트엠아파트,37.5458336997714,127.074526056376,9억 2천
광진캠퍼스시티,19500,서울특별시 광진구 화양동 0021-0020 광진캠퍼스시티,37.5478019769293,127.067876253552,1억 9천
광진코지웰,17000,서울특별시 광진구 화양동 0113-0001 광진코지웰,37.547067569974,127.07184085057,1억 7천
광진트라팰리스,70000,서울특별시 광진구 자양동 0854-0000 광진트라팰리스,37.5318922601242,127.067948157119,7억
광진파크프라이빗,57500,서울특별시 광진구 구의동 0670-0000 광진파크프라이빗,37.5432509878955,127.091910752474,5억 7천
광진파크하우스,57000,서울특별시 광진구 구의동 0682-0000 광진파크하우스,37.5473875097122,127.08735294776,5억 7천
광진하나플러스,135000,서울특별시 광진구 자양동 0811-0000 광진하나플러스,37.5295481676458,127.075728758153,13억 5천
광진하우스토리한강,268000,서울특별시 광진구 자양동 0813-0000 광진하우스토리한강,37.5300176447303,127.089792805342,26억 8천
광진해모로리버뷰,25000,서울특별시 광진구 구의동 0547-0007 광진해모로리버뷰,37.534151371835,127.09221581351,2억 5천
광현빌라,33000,서울특별시 광진구 구의동 0248-0130 광현빌라,37.5398957327979,127.085463204495,3억 3천
광현빌라트13차,31500,서울특별시 광진구 구의동 0049-0010 광현빌라트13차,37.5523407442358,127.092445771391,3억 1천
구의강변우성아파트,159000,서울특별시 광진구 구의동 0546-0007 구의강변우성아파트,37.5353400419669,127.09293075646,15억 9천
구의동에코하임,62000,서울특별시 광진구 구의동 0642-0003 구의동에코하임,37.543309508693,127.081933723897,6억 2천
구의동홀가하우스,48000,서울특별시 광진구 구의동 0080-0029 구의동홀가하우스,37.5463244528774,127.086329989872,4억 8천
구의에코하임,50700,서울특별시 광진구 구의동 0251-0171 구의에코하임,37.5410248658138,127.084461065582,5억
구의자이르네,92500,서울특별시 광진구 구의동 0671-0000 구의자이르네,37.545466944394,127.088797661055,9억 2천
구의현대2단지,180000,서울특별시 광진구 구의동 0611-0000 구의현대2단지,37.5386275109447,127.095874079019,18억
구의현대6단지,153250,서울특별시 광진구 구의동 0610-0000 구의현대6단지,37.5384985628719,127.09466413874,15억 3천
구의현대7단지현대홈타운,98000,서울특별시 광진구 구의동 0587-0054 구의현대7단지현대홈타운,37.5368375299652,127.090930397466,9억 8천
구의현대하이엘,80000,서울특별시 광진구 자양동 0779-0011 구의현대하이엘,37.5375239543766,127.082272036701,8억
군자 아델리제,19100,서울특별시 광진구 능동 0222-0002 군자 아델리제,37.5561465352134,127.081073051993,1억 9천
궁전빌라,38000,서울특별시 광진구 구의동 0027-0007 궁전빌라,37.5542258806567,127.093729540574,3억 8천
그랜드빌,25500,서울특별시 광진구 구의동 0025-0018 그랜드빌,37.5532037051557,127.094737736157,2억 5천
그랜드빌(나),28100,서울특별시 광진구 구의동 0031-0036 그랜드빌(나),37.5527331317296,127.093244099038,2억 8천
그랜드아파트,74000,서울특별시 광진구 자양동 0636-0011 그랜드아파트,37.5317475979216,127.080237362099,7억 4천
그랜드파크 오피스텔,19200,서울특별시 광진구 구의동 0076-0001 그랜드파크 오피스텔,37.5513457353509,127.089333351949,1억 9천
그레이스빌,34500,서울특별시 광진구 자양동 0617-0039 그레이스빌,37.5336689965657,127.08034894044,3억 4천
그레이스힐즈,55000,서울특별시 광진구 중곡동 0190-0037 그레이스힐즈,37.5662124181828,127.077936722628,5억 5천
그리다,43000,서울특별시 광진구 군자동 0354-0005 그리다,37.5499974472422,127.068952181187,4억 3천
그리미아빌,40000,서울특별시 광진구 군자동 0027-0013 그리미아빌,37.5534409228372,127.075933887051,4억
그린,83000,서울특별시 광진구 자양동 0665-0000 그린,37.5299441279929,127.083012549762,8억 3천
그린빌,63000,서울특별시 광진구 자양동 0800-0009 그린빌,37.5363873455533,127.07719670886,6억 3천
그린빌라,27000,서울특별시 광진구 중곡동 0608-0005 그린빌라,37.5703708578232,127.085879710816,2억 7천
그린아트빌라(A),11000,서울특별시 광진구 구의동 0036-0034 그린아트빌라(A),37.5501831489263,127.095694686781,1억 1천
그린트리,65000,서울특별시 광진구 중곡동 0130-0001 그린트리,37.5562082169518,127.085219265845,6억 5천
그린하우스,30500,서울특별시 광진구 중곡동 0258-0006 그린하우스,37.560771117775,127.079430141813,3억
그린하우스(2차),21500,서울특별시 광진구 군자동 0076-0017 그린하우스(2차),37.5535989449278,127.075391620992,2억 1천
그린힐(57-109),28000,서울특별시 광진구 구의동 0057-0109 그린힐(57-109),37.5502802788366,127.092985289252,2억 8천
극동1,330000,서울특별시 광진구 광장동 0218-0001 극동1,37.5431587122415,127.104188607133,33억
극동2,300000,서울특별시 광진구 광장동 0218-0001 극동2,37.5431587122415,127.104188607133,30억
극동하이빌(209-4),32500,서울특별시 광진구 구의동 0209-0004 극동하이빌(209-4),37.5406579606106,127.091731845958,3억 2천
극동하이츠빌라(가),26500,서울특별시 광진구 군자동 0063-0000 극동하이츠빌라(가),37.5546238425608,127.074519870317,2억 6천
금강KCC,131000,서울특별시 광진구 자양동 0791-0000 금강KCC,37.5376407510953,127.074350784543,13억 1천
금강빌라(147-66),30000,서울특별시 광진구 중곡동 0147-0066 금강빌라(147-66),37.5608897864169,127.089138189637,3억
금강주택,24500,서울특별시 광진구 중곡동 0259-0009 금강주택,37.5603879579245,127.079913809349,2억 4천
금선빌라트(가),55000,서울특별시 광진구 능동 0314-0009 금선빌라트(가),37.5520388956377,127.077847043839,5억 5천
금성빌라,55000,서울특별시 광진구 중곡동 0255-0021 금성빌라,37.5620763231484,127.078046389533,5억 5천
금성주택(241-32),15850,서울특별시 광진구 구의동 0241-0032 금성주택(241-32),37.5406756766857,127.08689194712,1억 5천
금성하이빌,46000,서울특별시 광진구 구의동 0237-0016 금성하이빌,37.5433228724601,127.085576763658,4억 6천
금호베스트빌,99800,서울특별시 광진구 광장동 0578-0000 금호베스트빌,37.5437532629126,127.094011537775,9억 9천
금호연립나동,73000,서울특별시 광진구 자양동 0590-0002 금호연립나동,37.5303638060315,127.074227710021,7억 3천
금화센스빌,41800,서울특별시 광진구 구의동 0551-0004 금화센스빌,37.5557138201096,127.095041616348,4억 1천
금화아트빌,29700,서울특별시 광진구 중곡동 0091-0046 금화아트빌,37.5554513193852,127.089203689591,2억 9천
까사리버,88000,서울특별시 광진구 자양동 0202-0036 까사리버,37.5353071672498,127.061319497564,8억 8천
까사밀라,39750,서울특별시 광진구 구의동 0057-0015 까사밀라,37.5502284863456,127.092622416545,3억 9천
나경그린빌,38500,서울특별시 광진구 구의동 0045-0005 나경그린빌,37.551099820517,127.09435596451,3억 8천
나경빌,29700,서울특별시 광진구 중곡동 0147-0101 나경빌,37.5608897864169,127.089138189637,2억 9천
나경타운,24000,서울특별시 광진구 중곡동 0123-0038 나경타운,37.5563791130262,127.087590131627,2억 4천
나경타운(22-29),35500,서울특별시 광진구 구의동 0022-0029 나경타운(22-29),37.553730557257,127.094913817698,3억 5천
나래빌Ⅲ,17900,서울특별시 광진구 중곡동 0106-0036 나래빌Ⅲ,37.5557421608662,127.093284969159,1억 7천
나래아트빌,59500,서울특별시 광진구 군자동 0465-0024 나래아트빌,37.5574116297467,127.074072431115,5억 9천
나폴리움,44000,서울특별시 광진구 광장동 0350-0003 나폴리움,37.5489313232751,127.105201985698,4억 4천
남양빌라,31800,서울특별시 광진구 구의동 0251-0090 남양빌라,37.5401267469677,127.084085638595,3억 1천
네모하우스(218-38),54800,서울특별시 광진구 자양동 0218-0038 네모하우스(218-38),37.536346904238,127.081337641224,5억 4천
네스빌(646-21),60500,서울특별시 광진구 중곡동 0646-0021 네스빌(646-21),37.5592708390229,127.079607145815,6억
노블레스 빌,17000,서울특별시 광진구 능동 0255-0018 노블레스 빌,37.5536993571029,127.087359522177,1억 7천
누리마루,43500,서울특별시 광진구 중곡동 0235-0029 누리마루,37.5651858343029,127.077509726431,4억 3천
뉴씨티빌,40000,서울특별시 광진구 구의동 0210-0065 뉴씨티빌,37.5397838122617,127.091729869844,4억
뉴월드맨션,17000,서울특별시 광진구 구의동 0051-0013 뉴월드맨션,37.5529771161679,127.091524112146,1억 7천
뉴청광휴먼빌,45000,서울특별시 광진구 구의동 0061-0011 뉴청광휴먼빌,37.5470224038429,127.090609396513,4억 5천
뉴페리온,44500,서울특별시 광진구 자양동 0611-0034 뉴페리온,37.5351596346249,127.076516361039,4억 4천
뉴현대빌라(688),40000,서울특별시 광진구 자양동 0688-0000 뉴현대빌라(688),37.531689104161,127.088222425316,4억
늘푸른하우스,49000,서울특별시 광진구 자양동 0775-0012 늘푸른하우스,37.5379274236169,127.080571204012,4억 9천
능동벨류,34000,서울특별시 광진구 능동 0253-0026 능동벨류,37.5525695687959,127.086293849238,3억 4천
다베로,56000,서울특별시 광진구 중곡동 0199-0001 다베로,37.5701872700215,127.083443756537,5억 6천
다성리버텔,24000,서울특별시 광진구 구의동 0218-0012 다성리버텔,37.5389649266995,127.092725704127,2억 4천
다성파크빌리지,26000,서울특별시 광진구 구의동 0649-0007 다성파크빌리지,37.5430891569313,127.081886636729,2억 6천
다성피렌체,38300,서울특별시 광진구 중곡동 0018-0132 다성피렌체,37.5647691618507,127.088116654614,3억 8천
다솜,40000,서울특별시 광진구 자양동 0653-0027 다솜,37.5320609768228,127.081275738807,4억
다우그린빌,56700,서울특별시 광진구 군자동 0039-0001 다우그린빌,37.5561968156028,127.074644004619,5억 6천
다우쉐르빌,65000,서울특별시 광진구 자양동 0230-0027 다우쉐르빌,37.5358402349662,127.079405841231,6억 5천
다우하우스,27150,서울특별시 광진구 중곡동 0035-0003 다우하우스,37.5620541594342,127.086082042717,2억 7천
대경펠리스,39300,서울특별시 광진구 중곡동 0150-0335 대경펠리스,37.561380430089,127.088471338167,3억 9천
대광빌리지(150-382),19700,서울특별시 광진구 중곡동 0150-0382 대광빌리지(150-382),37.5610006025343,127.085367446153,1억 9천
대교빌라,88194,서울특별시 광진구 자양동 0686-0005 대교빌라,37.5310063455932,127.08685832769,8억 8천
대동,99900,서울특별시 광진구 자양동 0784-0001 대동,37.5364211918477,127.06832734047,9억 9천
대명리치빌,59700,서울특별시 광진구 자양동 0596-0004 대명리치빌,37.5309854918331,127.078009909002,5억 9천
대명이튼캐슬,56750,서울특별시 광진구 능동 0380-0000 대명이튼캐슬,37.5532207874978,127.079925507868,5억 6천
대명하이츠,31000,서울특별시 광진구 구의동 0021-0009 대명하이츠,37.553834506495,127.096391621696,3억 1천
대성리센츠빌,18000,서울특별시 광진구 구의동 0025-0006 대성리센츠빌,37.5528637518809,127.094296058295,1억 8천
대성아트빌라,25500,서울특별시 광진구 구의동 0218-0029 대성아트빌라,37.5389306527036,127.093229171853,2억 5천
대성예가,60000,서울특별시 광진구 구의동 0050-0005 대성예가,37.5519120524781,127.091864690173,6억
대양샤인빌,90000,서울특별시 광진구 자양동 0684-0000 대양샤인빌,37.5326927895616,127.088020636314,9억
대영아트빌(138-24),48500,서울특별시 광진구 중곡동 0138-0024 대영아트빌(138-24),37.5585447339642,127.083252968923,4억 8천
대웅아트빌라,34000,서울특별시 광진구 중곡동 0134-0029 대웅아트빌라,37.5568426793768,127.084494646998,3억 4천
대원빌15차,64300,서울특별시 광진구 자양동 0599-0010 대원빌15차,37.5313437633276,127.076024390096,6억 4천
대원빌19차,90000,서울특별시 광진구 자양동 0227-0071 대원빌19차,37.5376103609212,127.075104535493,9억
대원빌9차,45500,서울특별시 광진구 자양동 0603-0002 대원빌9차,37.5320497274074,127.076952272319,4억 5천
대원스마트빌(340-41),48000,서울특별시 광진구 중곡동 0340-0041 대원스마트빌(340-41),37.5604867404133,127.083638247228,4억 8천
대원스마트빌(50-29),44300,서울특별시 광진구 중곡동 0050-0029 대원스마트빌(50-29),37.5599807202991,127.08353978073,4억 4천
대원스마트빌(97-5),45500,서울특별시 광진구 중곡동 0097-0005 대원스마트빌(97-5),37.5551562829899,127.091622068749,4억 5천
대원캐슬5차A동,71000,서울특별시 광진구 자양동 0624-0013 대원캐슬5차A동,37.5347047018493,127.081524804745,7억 1천
대원캐슬빌,67000,서울특별시 광진구 자양동 0624-0045 대원캐슬빌,37.5347047018493,127.081524804745,6억 7천
대원캐슬빌7차,55000,서울특별시 광진구 자양동 0218-0019 대원캐슬빌7차,37.5360299543392,127.082087102121,5억 5천
대원캐슬빌8차B동,44800,서울특별시 광진구 자양동 0218-0005 대원캐슬빌8차B동,37.5359680285364,127.081866516812,4억 4천
대현빌라,33000,서울특별시 광진구 구의동 0254-0009 대현빌라,37.5436538144656,127.084064592414,3억 3천
더 라움 펜트하우스,95000,서울특별시 광진구 자양동 0002-0003 더 라움 펜트하우스,37.5385008002809,127.069392147697,9억 5천
더라임,69000,서울특별시 광진구 군자동 0117-0042 더라임,37.5544414660132,127.072076082914,6억 9천
더리안,71000,서울특별시 광진구 중곡동 0093-0044 더리안,37.5543079515444,127.088967608838,7억 1천
더샵스타시티,300000,서울특별시 광진구 자양동 0227-0007 더샵스타시티,37.5378031898538,127.072632021718,30억
더샵팰리스,27000,서울특별시 광진구 중곡동 0210-0012 더샵팰리스,37.5696153756692,127.082722067894,2억 7천
더스위트자양,124000,서울특별시 광진구 자양동 0202-0034 더스위트자양,37.5354155864065,127.061264033094,12억 4천
더엠하우스,50500,서울특별시 광진구 군자동 0130-0023 더엠하우스,37.5538708824275,127.071750280082,5억
더이공이공*마을과집,43736,서울특별시 광진구 자양동 0771-0024 더이공이공*마을과집,37.5388323330787,127.080651720875,4억 3천
더존예가,52000,서울특별시 광진구 중곡동 0052-0011 더존예가,37.5595336109558,127.084475049709,5억 2천
더파크뷰능동,42000,서울특별시 광진구 능동 0284-0006 더파크뷰능동,37.5534717856316,127.079017923425,4억 2천
더팰리스,79500,서울특별시 광진구 자양동 0637-0010 더팰리스,37.5313056468454,127.079452624063,7억 9천
더펠리스상우아트빌,44800,서울특별시 광진구 중곡동 0127-0015 더펠리스상우아트빌,37.5590772528764,127.085977322821,4억 4천
더하우스인,29400,서울특별시 광진구 화양동 0020-0010 더하우스인,37.5471747721213,127.068222975427,2억 9천
덕산빌리지,80000,서울특별시 광진구 자양동 0640-0031 덕산빌리지,37.5297405635131,127.07871129071,8억
덕유빌리지,28000,서울특별시 광진구 중곡동 0232-0058 덕유빌리지,37.5643384548771,127.079128551307,2억 8천
도성,52000,서울특별시 광진구 구의동 0235-0030 도성,37.5441283961535,127.086030875048,5억 2천
도시엔,24500,서울특별시 광진구 자양동 0857-0000 도시엔,37.5393597617858,127.064723509979,2억 4천
도인빌라,36000,서울특별시 광진구 군자동 0066-0007 도인빌라,37.5541521371411,127.075564425098,3억 6천
동광그린빌B동,65000,서울특별시 광진구 자양동 0770-0005 동광그린빌B동,37.5389854626603,127.081105384773,6억 5천
동광팰리스,59500,서울특별시 광진구 자양동 0595-0014 동광팰리스,37.5304717527302,127.077855509557,5억 9천
동남그린빌라,43300,서울특별시 광진구 구의동 0079-0003 동남그린빌라,37.5488801193581,127.088541773596,4억 3천
동부아트빌라(768-2),55000,서울특별시 광진구 자양동 0768-0002 동부아트빌라(768-2),37.5397702686612,127.081316353705,5억 5천
동북아스위트힐아파트,79500,서울특별시 광진구 광장동 0107-0000 동북아스위트힐아파트,37.5516296605662,127.109821655707,7억 9천
동산빌라가동,65763,서울특별시 광진구 자양동 0686-0055 동산빌라가동,37.5310063455932,127.08685832769,6억 5천
동산빌라나동,73200,서울특별시 광진구 자양동 0686-0030 동산빌라나동,37.5313493920947,127.087785316738,7억 3천
동산빌라다동,46095,서울특별시 광진구 자양동 0686-0029 동산빌라다동,37.5312950226209,127.087716692103,4억 6천
동산아트빌A,30000,서울특별시 광진구 구의동 0239-0119 동산아트빌A,37.5424771639206,127.088671230076,3억
동산아트빌B,40000,서울특별시 광진구 구의동 0239-0120 동산아트빌B,37.5424977211001,127.088531962161,4억
동산하이츠,25000,서울특별시 광진구 군자동 0349-0000 동산하이츠,37.5514142819921,127.0696938265,2억 5천
동서화운트빌(150-82),30000,서울특별시 광진구 중곡동 0150-0082 동서화운트빌(150-82),37.561698537529,127.087671964802,3억
동서화운트빌(24-9),25000,서울특별시 광진구 중곡동 0024-0009 동서화운트빌(24-9),37.5629916679228,127.086545141498,2억 5천
동서화운트빌(96-8),36000,서울특별시 광진구 중곡동 0096-0008 동서화운트빌(96-8),37.5548795701774,127.090944166435,3억 6천
동아빌라,24500,서울특별시 광진구 군자동 0367-0004 동아빌라,37.5495171633593,127.072791292649,2억 4천
동암COZYHOUSE,32000,서울특별시 광진구 중곡동 0147-0079 동암COZYHOUSE,37.5608897864169,127.089138189637,3억 2천
동암아트빌(58-22),29000,서울특별시 광진구 중곡동 0058-0022 동암아트빌(58-22),37.5595758724939,127.088286193073,2억 9천
동양하우스,14400,서울특별시 광진구 중곡동 0624-0027 동양하우스,37.5605966562599,127.077025536895,1억 4천
동영하이츠빌,80000,서울특별시 광진구 자양동 0648-0005 동영하이츠빌,37.5299795041539,127.080324392072,8억
동익연립,145000,서울특별시 광진구 자양동 0200-0000 동익연립,37.5358068215447,127.061743290237,14억 5천
동인글로리,53500,서울특별시 광진구 구의동 0031-0024 동인글로리,37.5529572563878,127.093299265502,5억 3천
동인아트빌,42000,서울특별시 광진구 중곡동 0104-0074 동인아트빌,37.5554639003611,127.093667487722,4억 2천
동인하이츠빌,37000,서울특별시 광진구 중곡동 0068-0010 동인하이츠빌,37.5593010096668,127.091441303498,3억 7천
동인하이츠빌(608-6),57000,서울특별시 광진구 중곡동 0608-0006 동인하이츠빌(608-6),37.5702346245119,127.085883629439,5억 7천
동일스타빌,70000,서울특별시 광진구 자양동 0844-0008 동일스타빌,37.5377609471602,127.065033281225,7억
동진빌라,29000,서울특별시 광진구 중곡동 0571-0001 동진빌라,37.5707951873667,127.082523807235,2억 9천
동진빌라(690-26),96027,서울특별시 광진구 자양동 0690-0026 동진빌라(690-26),37.5313121547892,127.088062232096,9억 6천
동진쉐르빌,28800,서울특별시 광진구 중곡동 0604-0003 동진쉐르빌,37.5704661457987,127.086670494615,2억 8천
동화빌라,74000,서울특별시 광진구 자양동 0646-0024 동화빌라,37.5291108640721,127.0813550121,7억 4천
동화엘리트,48000,서울특별시 광진구 자양동 0669-0006 동화엘리트,37.5290076162535,127.084173617871,4억 8천
두리빌(98-39),47000,서울특별시 광진구 중곡동 0098-0039 두리빌(98-39),37.5557596554274,127.09130603402,4억 7천
드림베스트빌,61000,서울특별시 광진구 자양동 0775-0006 드림베스트빌,37.5380272252852,127.080745784064,6억 1천
드림빌(171-15),39900,서울특별시 광진구 중곡동 0171-0015 드림빌(171-15),37.5672339653283,127.08296370084,3억 9천
드림빌(66-2),25000,서울특별시 광진구 중곡동 0066-0002 드림빌(66-2),37.5596310012374,127.092652842194,2억 5천
드림빌라,8440,서울특별시 광진구 자양동 0807-0000 드림빌라,37.5351972246895,127.077592952459,8천
드림팰리스,70000,서울특별시 광진구 자양동 0652-0014 드림팰리스,37.5314120831794,127.08100282705,7억
드림하우스(용마),47700,서울특별시 광진구 중곡동 0033-0002 드림하우스(용마),37.5629832939573,127.084422352294,4억 7천
드림하이빌,50500,서울특별시 광진구 중곡동 0114-0005 드림하이빌,37.5534192175127,127.090495708838,5억
드림하이빌2차,87000,서울특별시 광진구 자양동 0227-0078 드림하이빌2차,37.537690907948,127.075532083725,8억 7천
든해빌딩,108000,서울특별시 광진구 자양동 0685-0032 든해빌딩,37.531598219294,127.086481701227,10억 8천
뚝섬아트빌,95000,서울특별시 광진구 자양동 0052-0150 뚝섬아트빌,37.5359650963325,127.063835111872,9억 5천
라인빌14차,47000,서울특별시 광진구 중곡동 0193-0064 라인빌14차,37.5661672283709,127.08174108939,4억 7천
라임하우스,68000,서울특별시 광진구 자양동 0639-0015 라임하우스,37.5302558701428,127.078945343379,6억 8천
라폴리움,39500,서울특별시 광진구 군자동 0002-0012 라폴리움,37.5544457360397,127.077152974841,3억 9천
라헨느빌,44500,서울특별시 광진구 중곡동 0090-0057 라헨느빌,37.5553769894506,127.089913310231,4억 4천
래디앙(634-4),39500,서울특별시 광진구 자양동 0634-0004 래디앙(634-4),37.5332646043573,127.080910585134,3억 9천
래미안파크스위트,180000,서울특별시 광진구 구의동 0668-0000 래미안파크스위트,37.5457933439539,127.090266282695,18억
래미안프리미어팰리스,36500,서울특별시 광진구 자양동 0859-0000 래미안프리미어팰리스,37.537711863986,127.081548897452,3억 6천
랜드마크,149000,서울특별시 광진구 자양동 0052-0200 랜드마크,37.5362164408014,127.063397684077,14억 9천
랜드마크Ⅱ,57300,서울특별시 광진구 자양동 0057-0097 랜드마크Ⅱ,37.5341829070369,127.064845867103,5억 7천
럭스빌,24000,서울특별시 광진구 중곡동 0564-0007 럭스빌,37.5710895302282,127.081894417125,2억 4천
럭스빌(616-3),17000,서울특별시 광진구 자양동 0616-0003 럭스빌(616-3),37.5328420657276,127.078732199765,1억 7천
럭키하우스,31000,서울특별시 광진구 구의동 0241-0077 럭키하우스,37.5401133660867,127.087254053939,3억 1천
레이나B,38500,서울특별시 광진구 군자동 0278-0002 레이나B,37.5523835246469,127.075351240288,3억 8천
로뎀파크,39500,서울특별시 광진구 능동 0241-0019 로뎀파크,37.5530452007085,127.082776857204,3억 9천
로마네스크1,20000,서울특별시 광진구 중곡동 0169-0056 로마네스크1,37.5680137918637,127.084088792053,2억
로빈힐즈,52500,서울특별시 광진구 자양동 0771-0020 로빈힐즈,37.5389563908118,127.080534293306,5억 2천
로얄동아,91000,서울특별시 광진구 자양동 0644-0000 로얄동아,37.5282016302996,127.081403123975,9억 1천
로얄하이츠빌,36200,서울특별시 광진구 중곡동 0138-0017 로얄하이츠빌,37.55813527321,127.083192868873,3억 6천
롯데빌리지(가),33900,서울특별시 광진구 구의동 0056-0005 롯데빌리지(가),37.5509652493502,127.092485944084,3억 3천
롯데캐슬 이스트폴,208288,서울특별시 광진구 자양동 0680-0064 롯데캐슬 이스트폴,37.5361391062664,127.084078219237,20억 8천
리버하우스1차,57448,서울특별시 광진구 자양동 0686-0045 리버하우스1차,37.5310063455932,127.08685832769,5억 7천
리버힐오피스텔,65000,서울특별시 광진구 광장동 0127-0000 리버힐오피스텔,37.5501282401338,127.110205798949,6억 5천
리채,68000,서울특별시 광진구 자양동 0595-0009 리채,37.5304717527302,127.077855509557,6억 8천
리첸하우스,27000,서울특별시 광진구 중곡동 0623-0003 리첸하우스,37.5602283140659,127.077461242417,2억 7천
리츠원파크빌(A),21800,서울특별시 광진구 구의동 0617-0024 리츠원파크빌(A),37.5481320485728,127.08594268316,2억 1천
리치빌-10,32000,서울특별시 광진구 자양동 0016-0006 리치빌-10,37.5407297491865,127.064856515221,3억 2천
리치빌벽담(231-5),33100,서울특별시 광진구 구의동 0231-0005 리치빌벽담(231-5),37.5437343276531,127.088190676092,3억 3천
리치팰리스,62500,서울특별시 광진구 자양동 0846-0023 리치팰리스,37.5382125776716,127.06591950356,6억 2천
리치팰리스(143-2),37300,서울특별시 광진구 군자동 0143-0002 리치팰리스(143-2),37.5556611474873,127.072954466644,3억 7천
리치팰리스(39-15),44000,서울특별시 광진구 군자동 0039-0015 리치팰리스(39-15),37.5559419762237,127.074274576571,4억 4천
린채하우스,53000,서울특별시 광진구 자양동 0803-0008 린채하우스,37.5361438079325,127.076777824445,5억 3천
마드레,40000,서울특별시 광진구 중곡동 0618-0007 마드레,37.5609293121452,127.07728913981,4억
마인하임648,23500,서울특별시 광진구 중곡동 0648-0012 마인하임648,37.5583126206053,127.079485592169,2억 3천
맨션센토레아,33700,서울특별시 광진구 중곡동 0080-0020 맨션센토레아,37.5567486696675,127.088599635094,3억 3천
명상빌라,80000,서울특별시 광진구 자양동 0689-0005 명상빌라,37.5312742924,127.088451151861,8억
명성아트빌라,45000,서울특별시 광진구 구의동 0047-0024 명성아트빌라,37.5511354788414,127.092676274655,4억 5천
명성타운가동,18300,서울특별시 광진구 중곡동 0626-0006 명성타운가동,37.5600593937312,127.076189599959,1억 8천
명성타운나동,37000,서울특별시 광진구 중곡동 0626-0005 명성타운나동,37.5601113786009,127.076053949609,3억 7천
명성파크빌,48000,서울특별시 광진구 구의동 0204-0032 명성파크빌,37.543108373912,127.092354483154,4억 8천
명진빌리지,39500,서울특별시 광진구 구의동 0025-0011 명진빌리지,37.553293062035,127.094427876471,3억 9천
모두스타빌(134-11),38000,서울특별시 광진구 중곡동 0134-0011 모두스타빌(134-11),37.5572761316043,127.084644868397,3억 8천
목화타운,37800,서울특별시 광진구 군자동 0018-0001 목화타운,37.5572777073146,127.07498313982,3억 7천
뫼비우스,32000,서울특별시 광진구 군자동 0091-0001 뫼비우스,37.5574628412221,127.073003870401,3억 2천
무지개A동,45000,서울특별시 광진구 자양동 0514-0004 무지개A동,37.5355778705608,127.070599280575,4억 5천
무지개빌라(A),29000,서울특별시 광진구 군자동 0117-0020 무지개빌라(A),37.5549437454329,127.072414273622,2억 9천
미광하이츠빌라,28000,서울특별시 광진구 구의동 0035-0020 미광하이츠빌라,37.5518612903122,127.09520851289,2억 8천
미도,63000,서울특별시 광진구 광장동 0266-0000 미도,37.5482031700896,127.103017834145,6억 3천
미래하우스,45000,서울특별시 광진구 중곡동 0246-0045 미래하우스,37.5627128581577,127.078075010077,4억 5천
미래하우스빌,37000,서울특별시 광진구 중곡동 0253-0028 미래하우스빌,37.5623808293378,127.076718381878,3억 7천
미래하이츠,38600,서울특별시 광진구 군자동 0464-0005 미래하이츠,37.5579598351377,127.073288429881,3억 8천
미리내,56000,서울특별시 광진구 군자동 0016-0000 미리내,37.5569685203379,127.074927600296,5억 6천
미산빌3차,32000,서울특별시 광진구 자양동 0842-0008 미산빌3차,37.538523607612,127.065262162603,3억 2천
미산빌7차,51700,서울특별시 광진구 자양동 0842-0005 미산빌7차,37.538371900538,127.064896450722,5억 1천
미산빌8차,90000,서울특별시 광진구 자양동 0052-0089 미산빌8차,37.534763760883,127.065048441788,9억
미성빌라,90000,서울특별시 광진구 자양동 0688-0004 미성빌라,37.531689104161,127.088222425316,9억
미성아트빌,31000,서울특별시 광진구 자양동 0623-0024 미성아트빌,37.5345505677774,127.081354811203,3억 1천
미성힐하우스,59000,서울특별시 광진구 자양동 0224-0013 미성힐하우스,37.5383230748899,127.078396483245,5억 9천
미주맨숀,180000,서울특별시 광진구 자양동 0585-0016 미주맨숀,37.5311618952202,127.074112422744,18억
미트빌,32000,서울특별시 광진구 중곡동 0599-0003 미트빌,37.5705420861516,127.088149037672,3억 2천
민성그린빌,28500,서울특별시 광진구 구의동 0077-0015 민성그린빌,37.5499122327147,127.088755405103,2억 8천
베네시티,27800,서울특별시 광진구 중곡동 0018-0135 베네시티,37.5651026557872,127.088069282123,2억 7천
베스트 트레드빌,14500,서울특별시 광진구 구의동 0243-0002 베스트 트레드빌,37.5385194285302,127.088796889478,1억 4천
베스트빌(540-4),22000,서울특별시 광진구 중곡동 0540-0004 베스트빌(540-4),37.5702970604339,127.085266331283,2억 2천
베아트리스,38000,서울특별시 광진구 중곡동 0119-0003 베아트리스,37.5551023974484,127.086493350918,3억 8천
벨라,31500,서울특별시 광진구 중곡동 0220-0063 벨라,37.5657761044737,127.082777925576,3억 1천
벨라지움,54500,서울특별시 광진구 군자동 0060-0068 벨라지움,37.5551986042109,127.074922772511,5억 4천
본클라쎄,45000,서울특별시 광진구 중곡동 0150-0267 본클라쎄,37.559274215066,127.085100863721,4억 5천
부광빌,30000,서울특별시 광진구 중곡동 0089-0005 부광빌,37.5566471347751,127.090137225474,3억
부광알펜시아,32000,서울특별시 광진구 구의동 0204-0045 부광알펜시아,37.5426790877859,127.09218795667,3억 2천
부광주택,19100,서울특별시 광진구 능동 0164-0000 부광주택,37.5532961836792,127.081270841089,1억 9천
부성빌라,25000,서울특별시 광진구 광장동 0246-0007 부성빌라,37.5462494535212,127.102801161077,2억 5천
브라운스톤,67000,서울특별시 광진구 화양동 0021-0002 브라운스톤,37.5479950295146,127.068554495728,6억 7천
브라운스톤 화양,49000,서울특별시 광진구 화양동 0021-0002 브라운스톤 화양,37.5479950295146,127.068554495728,4억 9천
브라운하우스,38700,서울특별시 광진구 중곡동 0235-0004 브라운하우스,37.5654034344517,127.077632195351,3억 8천
블루버드자양2차,70000,서울특별시 광진구 자양동 0599-0014 블루버드자양2차,37.5313437633276,127.076024390096,7억
블리체,35000,서울특별시 광진구 중곡동 0018-0106 블리체,37.5646610018455,127.087686981559,3억 5천
비바체A,45000,서울특별시 광진구 구의동 0023-0027 비바체A,37.5532660811144,127.096924825738,4억 5천
비스타하우스,46500,서울특별시 광진구 중곡동 0073-0085 비스타하우스,37.5581093975676,127.095257319191,4억 6천
비젼하우스(253-30),25000,서울특별시 광진구 중곡동 0253-0030 비젼하우스(253-30),37.5616401176861,127.076444399316,2억 5천
빌라아데나,44700,서울특별시 광진구 능동 0224-0021 빌라아데나,37.5549111513029,127.080452999486,4억 4천
빌리브 인테라스,25750,서울특별시 광진구 화양동 0111-0012 빌리브 인테라스,37.5460180138476,127.074001181744,2억 5천
삼보글로벌102동,59500,서울특별시 광진구 중곡동 0647-0002 삼보글로벌102동,37.5595237104531,127.080196400944,5억 9천
삼보빌라A,32500,서울특별시 광진구 구의동 0242-0042 삼보빌라A,37.5389842654085,127.087818254129,3억 2천
삼성광장1,177000,서울특별시 광진구 광장동 0561-0000 삼성광장1,37.541501051299,127.103268296381,17억 7천
삼성광장2,98000,서울특별시 광진구 광장동 0453-0001 삼성광장2,37.5423978665881,127.102070105349,9억 8천
삼성그린빌,90000,서울특별시 광진구 자양동 0598-0013 삼성그린빌,37.5312324230583,127.076684882479,9억
삼성그린빌(60-27),35000,서울특별시 광진구 구의동 0060-0027 삼성그린빌(60-27),37.5479730711342,127.091861440213,3억 5천
삼성그린빌라(29-13),43000,서울특별시 광진구 구의동 0029-0013 삼성그린빌라(29-13),37.5533725011763,127.091837171713,4억 3천
삼성로얄3,60000,서울특별시 광진구 중곡동 0109-0002 삼성로얄3,37.5551557720133,127.092623421765,6억
삼성베스트빌25차(239-63),45000,서울특별시 광진구 구의동 0239-0063 삼성베스트빌25차(239-63),37.5427730474633,127.088316729047,4억 5천
삼성빌,31500,서울특별시 광진구 구의동 0045-0026 삼성빌,37.5512361275862,127.094486052005,3억 1천
삼성빌라,25000,서울특별시 광진구 구의동 0648-0015 삼성빌라,37.5425615757593,127.082599607868,2억 5천
삼성쉐르빌,143000,서울특별시 광진구 구의동 0199-0018 삼성쉐르빌,37.5399004843413,127.094819115944,14억 3천
삼성아트빌(102-45),40000,서울특별시 광진구 중곡동 0102-0045 삼성아트빌(102-45),37.5576176505687,127.094563486517,4억
삼성아트빌(289-11),32000,서울특별시 광진구 중곡동 0289-0011 삼성아트빌(289-11),37.5694461754036,127.086607508527,3억 2천
삼성아트빌(554-6),45000,서울특별시 광진구 구의동 0554-0006 삼성아트빌(554-6),37.5553498924628,127.094498828319,4억 5천
삼성아트빌라,19000,서울특별시 광진구 구의동 0035-0043 삼성아트빌라,37.5509684292908,127.095953144665,1억 9천
삼성캐슬빌,35000,서울특별시 광진구 구의동 0242-0021 삼성캐슬빌,37.5387343567293,127.086927033216,3억 5천
삼성파크빌라,17700,서울특별시 광진구 구의동 0024-0012 삼성파크빌라,37.5525888577688,127.094970199168,1억 7천
삼성하이츠,128000,서울특별시 광진구 자양동 0057-0077 삼성하이츠,37.5343628464392,127.062658432554,12억 8천
삼성홈타운,79500,서울특별시 광진구 자양동 0770-0002 삼성홈타운,37.5393818274503,127.081083636882,7억 9천
삼성홈타운11차,91000,서울특별시 광진구 자양동 0771-0022 삼성홈타운11차,37.5387102992251,127.080046134333,9억 1천
삼성홈타운16차A동,44000,서울특별시 광진구 자양동 0769-0039 삼성홈타운16차A동,37.5394014276506,127.081406019815,4억 4천
삼성홈타운16차B동,38000,서울특별시 광진구 자양동 0769-0002 삼성홈타운16차B동,37.5394014276506,127.081406019815,3억 8천
삼성홈타운7차C동,52000,서울특별시 광진구 자양동 0796-0003 삼성홈타운7차C동,37.5374894865402,127.078370944682,5억 2천
삼성홈타운빌,50500,서울특별시 광진구 군자동 0032-0000 삼성홈타운빌,37.5566121658202,127.075368173657,5억
삼원아트빌라,19800,서울특별시 광진구 중곡동 0032-0003 삼원아트빌라,37.5632342940362,127.084068026592,1억 9천
삼원제우스,35800,서울특별시 광진구 화양동 0042-0007 삼원제우스,37.5433244193914,127.065071720582,3억 5천
삼원펠릭스,49200,서울특별시 광진구 구의동 0210-0010 삼원펠릭스,37.539959076601,127.092167182646,4억 9천
삼익빌라,30000,서울특별시 광진구 중곡동 0058-0007 삼익빌라,37.5597617856926,127.088115284504,3억
삼익플라주,71000,서울특별시 광진구 자양동 0664-0025 삼익플라주,37.5304008023683,127.08383894483,7억 1천
삼정도나빌,31500,서울특별시 광진구 구의동 0241-0008 삼정도나빌,37.5401275226611,127.08820962358,3억 1천
삼호아트빌,54000,서울특별시 광진구 자양동 0623-0006 삼호아트빌,37.534296263721,127.081415291866,5억 4천
삼환그린빌,32000,서울특별시 광진구 구의동 0553-0006 삼환그린빌,37.5551875410773,127.094600931636,3억 2천
삼환엘리트빌,25000,서울특별시 광진구 중곡동 0018-0078 삼환엘리트빌,37.5639498939431,127.087378847574,2억 5천
상록타워아파트,99000,서울특별시 광진구 광장동 0570-0000 상록타워아파트,37.5423571152711,127.100947566847,9억 9천
상원빌라,26300,서울특별시 광진구 중곡동 0150-0210 상원빌라,37.5600073658636,127.085834199975,2억 6천
상진라인빌,52000,서울특별시 광진구 자양동 0229-0048 상진라인빌,37.5360848511994,127.078334626324,5억 2천
상평그린빌,43800,서울특별시 광진구 구의동 0554-0005 상평그린빌,37.5554480906399,127.094399359798,4억 3천
새한,94000,서울특별시 광진구 구의동 0656-0000 새한,37.5410284201236,127.088105114541,9억 4천
샤인빌(78-41),59000,서울특별시 광진구 자양동 0078-0041 샤인빌(78-41),37.533602603027,127.065929701503,5억 9천
샤인빌15차,42000,서울특별시 광진구 중곡동 0613-0006 샤인빌15차,37.5601834977651,127.074579733762,4억 2천
서령하이빌(544-6),20000,서울특별시 광진구 중곡동 0544-0006 서령하이빌(544-6),37.5703924395659,127.084690838678,2억
서원하이빌,98352,서울특별시 광진구 자양동 0686-0036 서원하이빌,37.5310063455932,127.08685832769,9억 8천
서원힐탑,70000,서울특별시 광진구 군자동 0100-0109 서원힐탑,37.5521643144405,127.071878674491,7억
선경빌라트(31-7),50000,서울특별시 광진구 구의동 0031-0007 선경빌라트(31-7),37.552626038737,127.093084736756,5억
선경쉐르빌나동,39500,서울특별시 광진구 구의동 0057-0120 선경쉐르빌나동,37.5496295853619,127.092975880407,3억 9천
선경쉐리빌가동,39000,서울특별시 광진구 구의동 0057-0028 선경쉐리빌가동,37.5496677284453,127.09282213712,3억 9천
선경주택,43800,서울특별시 광진구 구의동 0056-0015 선경주택,37.5507247684103,127.093179355613,4억 3천
선영빌라,30000,서울특별시 광진구 중곡동 0127-0027 선영빌라,37.5583218755717,127.086322439029,3억
선영아트빌,23000,서울특별시 광진구 중곡동 0293-0012 선영아트빌,37.5692646763431,127.087515116081,2억 3천
선진빌,63500,서울특별시 광진구 자양동 0665-0007 선진빌,37.5300455314423,127.083465993835,6억 3천
선화빌라2차,31500,서울특별시 광진구 중곡동 0112-0022 선화빌라2차,37.553542309229,127.090710428835,3억 1천
선화빌라8차,35000,서울특별시 광진구 중곡동 0162-0022 선화빌라8차,37.5610782111596,127.080972117763,3억 5천
성동강변파크빌101(강변타워),85000,서울특별시 광진구 구의동 0657-0000 성동강변파크빌101(강변타워),37.5378385435946,127.092780543253,8억 5천
성심하이츠,24500,서울특별시 광진구 능동 0247-0010 성심하이츠,37.5540879271096,127.085679382397,2억 4천
성원,67700,서울특별시 광진구 중곡동 0681-0000 성원,37.5711840707054,127.07961710743,6억 7천
성원쌍떼빌,49000,서울특별시 광진구 구의동 0029-0001 성원쌍떼빌,37.5538130047822,127.092291866878,4억 9천
성지하이츠,18500,서울특별시 광진구 구의동 0252-0014 성지하이츠,37.538959252643,127.083675182932,1억 8천
세림에버빌,31000,서울특별시 광진구 구의동 0241-0074 세림에버빌,37.540324339014,127.088158711434,3억 1천
세림에버빌2차,30000,서울특별시 광진구 구의동 0249-0004 세림에버빌2차,37.5417620761955,127.086435958102,3억
세림에버빌3차,55000,서울특별시 광진구 자양동 0614-0011 세림에버빌3차,37.5341383748431,127.077994072121,5억 5천
세림에버빌6차A,47000,서울특별시 광진구 자양동 0631-0010 세림에버빌6차A,37.5338015904278,127.081840954803,4억 7천
세안빌라,22000,서울특별시 광진구 중곡동 0150-0190 세안빌라,37.5608366854156,127.086516956577,2억 2천
세양,155000,서울특별시 광진구 구의동 0658-0000 세양,37.537581685889,127.093898450026,15억 5천
세운파크맨션,33000,서울특별시 광진구 군자동 0088-0039 세운파크맨션,37.5526028147959,127.075229917526,3억 3천
세원그린빌,43800,서울특별시 광진구 구의동 0052-0004 세원그린빌,37.5523855021474,127.090965580194,4억 3천
세종빌라,34000,서울특별시 광진구 구의동 0210-0031 세종빌라,37.5401803922254,127.091200020498,3억 4천
세종스마트빌(101-49),35000,서울특별시 광진구 중곡동 0101-0049 세종스마트빌(101-49),37.5578404150935,127.093838190677,3억 5천
세종아트빌,53000,서울특별시 광진구 군자동 0001-0014 세종아트빌,37.554782372686,127.077529054017,5억 3천
세종에버그린,27500,서울특별시 광진구 화양동 0017-0092 세종에버그린,37.5465241135469,127.069233126195,2억 7천
세종에버그린(101동),31400,서울특별시 광진구 화양동 0017-0068 세종에버그린(101동),37.5466365212341,127.069296147123,3억 1천
세진빌라,33000,서울특별시 광진구 화양동 0037-0094 세진빌라,37.5442259807989,127.066328539945,3억 3천
센토레아빌(678-12),30000,서울특별시 광진구 자양동 0678-0012 센토레아빌(678-12),37.5312956800993,127.084592306367,3억
센트럴리버뷰,115000,서울특별시 광진구 자양동 0193-0013 센트럴리버뷰,37.5345758582108,127.061601979555,11억 5천
센트럴빌,25400,서울특별시 광진구 구의동 0253-0019 센트럴빌,37.5447415604241,127.083216908942,2억 5천
소망아트빌,17500,서울특별시 광진구 중곡동 0602-0002 소망아트빌,37.5706384179094,127.08727946398,1억 7천
솔렌시아,30000,서울특별시 광진구 구의동 0251-0177 솔렌시아,37.5412695715072,127.083963812744,3억
솔렌시아2,33200,서울특별시 광진구 구의동 0236-0025 솔렌시아2,37.5429466395997,127.084667929872,3억 3천
솔리드하우스(구의),43000,서울특별시 광진구 구의동 0068-0030 솔리드하우스(구의),37.5456911654079,127.086296330421,4억 3천
송림빌,59900,서울특별시 광진구 자양동 0678-0030 송림빌,37.5312956800993,127.084592306367,5억 9천
송정빌라,41000,서울특별시 광진구 군자동 0346-0011 송정빌라,37.5507410106814,127.070529158458,4억 1천
수플러스(340-10),40000,서울특별시 광진구 중곡동 0340-0010 수플러스(340-10),37.5611193905758,127.083297824169,4억
수호아트빌,70000,서울특별시 광진구 자양동 0640-0035 수호아트빌,37.5297405635131,127.07871129071,7억
스마트빌,44800,서울특별시 광진구 중곡동 0290-0001 스마트빌,37.5700181189374,127.085878739828,4억 4천
스위트자양3차,64000,서울특별시 광진구 자양동 0843-0001 스위트자양3차,37.5377615783372,127.06470436459,6억 4천
스카이빌,49000,서울특별시 광진구 능동 0254-0019 스카이빌,37.5528319306567,127.08728630761,4억 9천
스카이빌라트,51000,서울특별시 광진구 자양동 0225-0044 스카이빌라트,37.538765497388,127.077117128116,5억 1천
스타빌,48000,서울특별시 광진구 자양동 0225-0014 스타빌,37.5385934313907,127.078311339663,4억 8천
스타빌리지,34700,서울특별시 광진구 중곡동 0150-0239 스타빌리지,37.5597340693354,127.084619580281,3억 4천
스타파크,79500,서울특별시 광진구 구의동 0059-0001 스타파크,37.5490111663673,127.092022274837,7억 9천
스타파크아파트,65000,서울특별시 광진구 구의동 0080-0037 스타파크아파트,37.5456758574304,127.085540979439,6억 5천
스테이 더 디자이너스 군자,21000,서울특별시 광진구 군자동 0473-0021 스테이 더 디자이너스 군자,37.5573424357159,127.077849731446,2억 1천
시그니처601,59900,서울특별시 광진구 자양동 0601-0010 시그니처601,37.5324325547136,127.075710064978,5억 9천
시원빌라,33500,서울특별시 광진구 광장동 0413-0015 시원빌라,37.5427102805436,127.098525301478,3억 3천
시티빌리지가동,36500,서울특별시 광진구 군자동 0367-0008 시티빌리지가동,37.5493467367026,127.07242956758,3억 6천
신덕하이빌,63000,서울특별시 광진구 구의동 0224-0007 신덕하이빌,37.54241949393,127.090343346083,6억 3천
신덕하이빌타워,29600,서울특별시 광진구 구의동 0224-0064 신덕하이빌타워,37.5425788519047,127.090380992304,2억 9천
신도브래뉴오피스텔,15000,서울특별시 광진구 구의동 0251-0034 신도브래뉴오피스텔,37.5399987781768,127.083488515628,1억 5천
신동빌,25000,서울특별시 광진구 중곡동 0220-0049 신동빌,37.5657701854646,127.083251275188,2억 5천
신동아파밀리에,143000,서울특별시 광진구 광장동 0250-0000 신동아파밀리에,37.5469362093814,127.10483401307,14억 3천
신세계빌라,50200,서울특별시 광진구 자양동 0221-0008 신세계빌라,37.5362911119994,127.080710647654,5억
신영아트빌,27800,서울특별시 광진구 중곡동 0193-0038 신영아트빌,37.5653242835392,127.081441464479,2억 7천
신원리브웰 화양동 주상복합,18000,서울특별시 광진구 화양동 0111-0088 신원리브웰 화양동 주상복합,37.5456665249179,127.073727895881,1억 8천
신원캐스빌B동,29200,서울특별시 광진구 중곡동 0239-0043 신원캐스빌B동,37.5639279556125,127.079002140929,2억 9천
신일맨숀,42400,서울특별시 광진구 구의동 0036-0016 신일맨숀,37.5504630781693,127.096040992463,4억 2천
신한베스트빌(114-6),40000,서울특별시 광진구 중곡동 0114-0006 신한베스트빌(114-6),37.5531009111386,127.09059219728,4억
신한베스트빌(114-7),48000,서울특별시 광진구 중곡동 0114-0007 신한베스트빌(114-7),37.5530260581229,127.090331024267,4억 8천
신향빌라,75000,서울특별시 광진구 중곡동 0018-0024 신향빌라,37.566113658717,127.087469323138,7억 5천
신현빌,30025,서울특별시 광진구 군자동 0060-0005 신현빌,37.555131482598,127.074348353066,3억
신혼연립A동,12800,서울특별시 광진구 구의동 0050-0028 신혼연립A동,37.5522741402949,127.091546565211,1억 2천
써미트빌,31700,서울특별시 광진구 구의동 0043-0004 써미트빌,37.5504770769605,127.094997395395,3억 1천
씨즈건대힐스,17000,서울특별시 광진구 화양동 0530-0000 씨즈건대힐스,37.5461943770105,127.074657001323,1억 7천
씨티빌라,63000,서울특별시 광진구 자양동 0624-0008 씨티빌라,37.5347047018493,127.081524804745,6억 3천
아너스빌(231-8),37500,서울특별시 광진구 구의동 0231-0008 아너스빌(231-8),37.5435029602901,127.089018926407,3억 7천
아너스빌(241-47),53000,서울특별시 광진구 구의동 0241-0047 아너스빌(241-47),37.5404570095342,127.087494673247,5억 3천
아성뜨란채,34500,서울특별시 광진구 중곡동 0133-0001 아성뜨란채,37.5567342845826,127.083869570746,3억 4천
아성빌,74000,서울특별시 광진구 능동 0240-0029 아성빌,37.5530062835033,127.082123259506,7억 4천
아스하임,18200,서울특별시 광진구 구의동 0243-0056 아스하임,37.5384278865119,127.088075578146,1억 8천
아지(AZ)0213,14500,서울특별시 광진구 중곡동 0648-0014 아지(AZ)0213,37.5581817341845,127.079577126883,1억 4천
아차산포레안,92000,서울특별시 광진구 구의동 0663-0000 아차산포레안,37.547855981863,127.09307529677,9억 2천
아차산한라아파트,78000,서울특별시 광진구 구의동 0662-0000 아차산한라아파트,37.5540171153721,127.09707993751,7억 8천
아크로리버,224000,서울특별시 광진구 구의동 0589-0010 아크로리버,37.5360517267301,127.092835806633,22억 4천
안다미로,57000,서울특별시 광진구 자양동 0770-0030 안다미로,37.5393818274503,127.081083636882,5억 7천
안틸리아 자양,37500,서울특별시 광진구 자양동 0680-0002 안틸리아 자양,37.5361391062664,127.084078219237,3억 7천
알토하우스,50750,서울특별시 광진구 구의동 0643-0002 알토하우스,37.5433874594721,127.082301789577,5억
알펜시아5차,44500,서울특별시 광진구 구의동 0207-0013 알펜시아5차,37.5416674220574,127.093022342158,4억 4천
애드하우징,29400,서울특별시 광진구 군자동 0355-0016 애드하우징,37.5494431916541,127.068421156566,2억 9천
애플밸리,48000,서울특별시 광진구 구의동 0239-0007 애플밸리,37.5429353588104,127.088502154277,4억 8천
양곡빌라,25000,서울특별시 광진구 구의동 0220-0060 양곡빌라,37.5398744472286,127.089862217455,2억 5천
어반캐슬(685-3),103000,서울특별시 광진구 자양동 0685-0003 어반캐슬(685-3),37.531598219294,127.086481701227,10억 3천
에덴빌25차,41500,서울특별시 광진구 중곡동 0030-0069 에덴빌25차,37.5641496832158,127.085728708731,4억 1천
에버그린,33500,서울특별시 광진구 구의동 0669-0000 에버그린,37.5510752913744,127.092101539579,3억 3천
에비앙하우스,69500,서울특별시 광진구 자양동 0639-0022 에비앙하우스,37.5302558701428,127.078945343379,6억 9천
에스케이,84000,서울특별시 광진구 중곡동 0292-0000 에스케이,37.5688661073555,127.086494548803,8억 4천
에코하임,34500,서울특별시 광진구 자양동 0634-0026 에코하임,37.5332646043573,127.080910585134,3억 4천
에피소드1,24000,서울특별시 광진구 군자동 0355-0005 에피소드1,37.5494431916541,127.068421156566,2억 4천
엘림퍼스트중곡동,55000,서울특별시 광진구 중곡동 0190-0029 엘림퍼스트중곡동,37.5663848032316,127.07803594337,5억 5천
엘케이플레이스3차(832-16),56000,서울특별시 광진구 자양동 0832-0016 엘케이플레이스3차(832-16),37.5390050703175,127.063836685016,5억 6천
연리지,44800,서울특별시 광진구 중곡동 0166-0021 연리지,37.5653039037121,127.083274525811,4억 4천
연리지7,32700,서울특별시 광진구 중곡동 0117-0032 연리지7,37.5551441657454,127.087765801731,3억 2천
연옥빌라,29000,서울특별시 광진구 중곡동 0103-0001 연옥빌라,37.5575341774877,127.095398170708,2억 9천
영동공영빌라,19000,서울특별시 광진구 중곡동 0147-0034 영동공영빌라,37.5608897864169,127.089138189637,1억 9천
영풍아트빌,27300,서울특별시 광진구 자양동 0647-0006 영풍아트빌,37.52918102226,127.081005165971,2억 7천
영하우스,29500,서울특별시 광진구 중곡동 0247-0057 영하우스,37.5628113709102,127.077887339845,2억 9천
예건에버빌,35000,서울특별시 광진구 자양동 0229-0061 예건에버빌,37.5357502122973,127.078345703786,3억 5천
예다움,56700,서울특별시 광진구 자양동 0229-0021 예다움,37.5348780585404,127.07818752368,5억 6천
예닮,40000,서울특별시 광진구 자양동 0611-0001 예닮,37.5351596346249,127.076516361039,4억
예스홈,37500,서울특별시 광진구 중곡동 0033-0037 예스홈,37.5626120012892,127.084158893328,3억 7천
예인빌라,27000,서울특별시 광진구 구의동 0617-0022 예인빌라,37.5479055044997,127.086235172956,2억 7천
오렌지하우스,52000,서울특별시 광진구 능동 0239-0014 오렌지하우스,37.5539164325977,127.082952104186,5억 2천
오렌지하우스(2차),89000,서울특별시 광진구 자양동 0595-0003 오렌지하우스(2차),37.5304717527302,127.077855509557,8억 9천
오렌지하우스(598-2),78500,서울특별시 광진구 자양동 0598-0002 오렌지하우스(598-2),37.5312324230583,127.076684882479,7억 8천
오렌지하우스6차,62500,서울특별시 광진구 자양동 0584-0018 오렌지하우스6차,37.5309802708975,127.07437121215,6억 2천
오페라하우스(686),23000,서울특별시 광진구 중곡동 0686-0000 오페라하우스(686),37.5687976555665,127.080472347781,2억 3천
온세하이츠빌,45500,서울특별시 광진구 구의동 0242-0025 온세하이츠빌,37.5394936514574,127.08762853457,4억 5천
올리브벨리,23000,서울특별시 광진구 중곡동 0075-0018 올리브벨리,37.5584846052457,127.092496708471,2억 3천
와이엔 오피스텔,14700,서울특별시 광진구 구의동 0218-0015 와이엔 오피스텔,37.538558624488,127.091972089305,1억 4천
와이엔빌라비동,36000,서울특별시 광진구 중곡동 0030-0003 와이엔빌라비동,37.5637948076922,127.085815794815,3억 6천
와이엔썬라이즈,47000,서울특별시 광진구 구의동 0241-0069 와이엔썬라이즈,37.5399717186094,127.088117335992,4억 7천
와이엔캐슬(중곡동175-61),29000,서울특별시 광진구 중곡동 0175-0061 와이엔캐슬(중곡동175-61),37.5692589889963,127.080833141325,2억 9천
와이엔캐슬(중곡동233-23호),44800,서울특별시 광진구 중곡동 0233-0023 와이엔캐슬(중곡동233-23호),37.5649950184962,127.078712488389,4억 4천
와이엠프라젠스파,78000,서울특별시 광진구 자양동 0663-0021 와이엠프라젠스파,37.5306576527168,127.082724617815,7억 8천
와이위드미,75000,서울특별시 광진구 자양동 0231-0064 와이위드미,37.5361378974878,127.08011432604,7억 5천
용마맨숀,56500,서울특별시 광진구 중곡동 0018-0025 용마맨숀,37.5663099452973,127.086791546008,5억 6천
용마빌,32000,서울특별시 광진구 중곡동 0134-0055 용마빌,37.5572009471084,127.083564518629,3억 2천
용마캐스빌,25300,서울특별시 광진구 중곡동 0288-0014 용마캐스빌,37.5699989034936,127.087506806334,2억 5천
용마하이빌(143-68),21000,서울특별시 광진구 중곡동 0143-0068 용마하이빌(143-68),37.5615861626249,127.090798729046,2억 1천
용마홈타운,39900,서울특별시 광진구 구의동 0661-0000 용마홈타운,37.5505678209806,127.096536001514,3억 9천
용빌라,30000,서울특별시 광진구 구의동 0061-0038 용빌라,37.5466714318875,127.090886779627,3억
용성아트빌,20000,서울특별시 광진구 중곡동 0104-0016 용성아트빌,37.5573828304271,127.095595696661,2억
우리랑하이빌,59500,서울특별시 광진구 자양동 0683-0020 우리랑하이빌,37.5331867554481,127.087728411352,5억 9천
우리랑하이빌II,97799,서울특별시 광진구 자양동 0686-0008 우리랑하이빌II,37.5310551994677,127.087076398299,9억 7천
우리빌(122-19),25500,서울특별시 광진구 중곡동 0122-0019 우리빌(122-19),37.5573848528874,127.08679466119,2억 5천
우리빌(632-0),49900,서울특별시 광진구 자양동 0632-0000 우리빌(632-0),37.5337774203479,127.082392714976,4억 9천
우방리버파크,184500,서울특별시 광진구 자양동 0793-0000 우방리버파크,37.5312363568684,127.070517350129,18억 4천
우석디자인빌,65000,서울특별시 광진구 자양동 0231-0008 우석디자인빌,37.5360439966382,127.080536139564,6억 5천
우석메이빌,75000,서울특별시 광진구 자양동 0603-0023 우석메이빌,37.5320497274074,127.076952272319,7억 5천
우성1,98300,서울특별시 광진구 자양동 0579-0000 우성1,37.5344089874125,127.075573577702,9억 8천
우성2,99000,서울특별시 광진구 자양동 0520-0002 우성2,37.5332682453268,127.073984735652,9억 9천
우성3,95500,서울특별시 광진구 자양동 0516-0000 우성3,37.53601431485,127.071647065678,9억 5천
우성4,85000,서울특별시 광진구 자양동 0578-0000 우성4,37.535229646208,127.075811892522,8억 5천
우성5,120500,서울특별시 광진구 자양동 0553-0041 우성5,37.5347888300631,127.071256458124,12억
우성6,135500,서울특별시 광진구 자양동 0515-0001 우성6,37.5367334966311,127.070594373344,13억 5천
우성골든빌라,39700,서울특별시 광진구 자양동 0513-0002 우성골든빌라,37.5359217346748,127.07052843728,3억 9천
우성타워빌라,34000,서울특별시 광진구 구의동 0061-0012 우성타워빌라,37.5467783275644,127.090132922897,3억 4천
우송빌리지,20000,서울특별시 광진구 중곡동 0293-0010 우송빌리지,37.5692664968873,127.08773290391,2억
우신,48500,서울특별시 광진구 구의동 0208-0052 우신,37.5415169496626,127.092109808531,4억 8천
우신하이츠빌라,29900,서울특별시 광진구 구의동 0235-0039 우신하이츠빌라,37.5439123658889,127.0854942679,2억 9천
우암가든빌라,16000,서울특별시 광진구 중곡동 0190-0001 우암가든빌라,37.5676962498527,127.078778491795,1억 6천
욱현빌라,39000,서울특별시 광진구 자양동 0669-0019 욱현빌라,37.5290076162535,127.084173617871,3억 9천
욱현빌라(14차),35000,서울특별시 광진구 구의동 0024-0002 욱현빌라(14차),37.5529547565164,127.095077721863,3억 5천
욱현빌라(23-1),12800,서울특별시 광진구 구의동 0023-0001 욱현빌라(23-1),37.5530447888523,127.095496224564,1억 2천
욱현빌라(28-41),28300,서울특별시 광진구 구의동 0028-0041 욱현빌라(28-41),37.5539546699543,127.09260088541,2억 8천
욱현스카이빌,33000,서울특별시 광진구 구의동 0043-0018 욱현스카이빌,37.5498769097139,127.095348123846,3억 3천
욱현하이브(73-70),19800,서울특별시 광진구 중곡동 0073-0070 욱현하이브(73-70),37.5587481405058,127.095447932358,1억 9천
욱현하이브Ⅲ,15750,서울특별시 광진구 중곡동 0699-0000 욱현하이브Ⅲ,37.5545660100192,127.087867657521,1억 5천
욱현하이브빌,42500,서울특별시 광진구 중곡동 0111-0004 욱현하이브빌,37.5538968558484,127.091870521566,4억 2천
욱현하이브빌(253-10),41000,서울특별시 광진구 능동 0253-0010 욱현하이브빌(253-10),37.5525156269882,127.086501904636,4억 1천
욱현하이브빌(593-24),50400,서울특별시 광진구 자양동 0593-0024 욱현하이브빌(593-24),37.5294212738821,127.07647870828,5억
워커힐,365000,서울특별시 광진구 광장동 0145-0008 워커힐,37.5505202819769,127.106554627171,36억 5천
워커힐빌,15500,서울특별시 광진구 구의동 0043-0002 워커힐빌,37.5506324719008,127.095477982451,1억 5천
"워커힐파크빌(가동,나동)",46200,"서울특별시 광진구 광장동 0372-0001 워커힐파크빌(가동,나동)",37.5508814614496,127.101684798726,4억 6천
워커힐푸르지오,150000,서울특별시 광진구 광장동 0148-0004 워커힐푸르지오,37.5496541994049,127.108873720121,15억
워커힐현대빌,89000,서울특별시 광진구 광장동 0105-0000 워커힐현대빌,37.5517561975637,127.11036187775,8억 9천
원빌라,59700,서울특별시 광진구 자양동 0775-0005 원빌라,37.5382039791356,127.079984267276,5억 9천
월드리버빌(648-3),84650,서울특별시 광진구 자양동 0648-0003 월드리버빌(648-3),37.5299795041539,127.080324392072,8억 4천
월드빌,27000,서울특별시 광진구 중곡동 0053-0022 월드빌,37.5585057182982,127.084524592994,2억 7천
월드빌리지,55000,서울특별시 광진구 화양동 0042-0015 월드빌리지,37.5429246857161,127.065163028228,5억 5천
월드하우스(129-33),43000,서울특별시 광진구 중곡동 0129-0033 월드하우스(129-33),37.5569203892007,127.085435336775,4억 3천
월드하우스(18-12),35500,서울특별시 광진구 중곡동 0018-0012 월드하우스(18-12),37.5675288562974,127.086485871442,3억 5천
월드하우스(70-6),40000,서울특별시 광진구 중곡동 0070-0006 월드하우스(70-6),37.5591073171881,127.092913636894,4억
위너스빌,53000,서울특별시 광진구 군자동 0299-0000 위너스빌,37.5520539088163,127.075821574992,5억 3천
위너스힐(111-89),90000,서울특별시 광진구 화양동 0111-0089 위너스힐(111-89),37.5456009634695,127.073966029845,9억
유니빌Ⅲ,25500,서울특별시 광진구 광장동 0339-0003 유니빌Ⅲ,37.5483424207937,127.107810234145,2억 5천
유림,70000,서울특별시 광진구 자양동 0770-0001 유림,37.5392069743715,127.081169666911,7억
유안스타빌,49000,서울특별시 광진구 자양동 0229-0013 유안스타빌,37.534968911554,127.078546393012,4억 9천
유진아트빌라가동,35800,서울특별시 광진구 구의동 0023-0015 유진아트빌라가동,37.5529425429639,127.096472407636,3억 5천
유창아트빌,55000,서울특별시 광진구 중곡동 0048-0017 유창아트빌,37.5597459843245,127.082164949618,5억 5천
유천빌라,132400,서울특별시 광진구 광장동 0264-0001 유천빌라,37.5480379774461,127.10347534753,13억 2천
율리빌라,96000,서울특별시 광진구 자양동 0685-0031 율리빌라,37.531598219294,127.086481701227,9억 6천
이수섬,38000,서울특별시 광진구 자양동 0229-0001 이수섬,37.5362571947337,127.078767809928,3억 8천
이수하이빌,35000,서울특별시 광진구 중곡동 0232-0023 이수하이빌,37.5641663925543,127.079355421474,3억 5천
이스트폴,250000,서울특별시 광진구 자양동 0870-0000 이스트폴,37.5362819442695,127.087753081994,25억
이튼타워리버1차,160000,서울특별시 광진구 자양동 0510-0005 이튼타워리버1차,37.5369131584956,127.069680102229,16억
이튼타워리버2차,153900,서울특별시 광진구 자양동 0507-0006 이튼타워리버2차,37.5355051981789,127.069164103799,15억 3천
이튼타워리버3차,206500,서울특별시 광진구 자양동 0855-0000 이튼타워리버3차,37.5329892543915,127.068060255215,20억 6천
이튼타워리버5차,260000,서울특별시 광진구 자양동 0856-0000 이튼타워리버5차,37.5321855386616,127.06903104242,26억
이화빌리지(29-16),32200,서울특별시 광진구 구의동 0029-0016 이화빌리지(29-16),37.5536946453203,127.092596715874,3억 2천
이화아트빌리지,25500,서울특별시 광진구 구의동 0553-0001 이화아트빌리지,37.5554137446596,127.094983516882,2억 5천
일성파크,92500,서울특별시 광진구 군자동 0099-0000 일성파크,37.5512697055385,127.072627886348,9억 2천
일주빌라,40000,서울특별시 광진구 구의동 0233-0004 일주빌라,37.5443312928842,127.087756292492,4억
자양 호반써밋,47500,서울특별시 광진구 자양동 0861-0000 자양 호반써밋,37.5374300374627,127.068800532801,4억 7천
자양10차현대홈타운,154800,서울특별시 광진구 자양동 0792-0000 자양10차현대홈타운,37.5334495863743,127.070499521282,15억 4천
자양7차현대홈타운,166000,서울특별시 광진구 자양동 0788-0000 자양7차현대홈타운,37.5329778962287,127.069768196916,16억 6천
자양8차현대홈타운,178700,서울특별시 광진구 자양동 0789-0000 자양8차현대홈타운,37.5334859623824,127.07203305701,17억 8천
자양9차현대홈타운,151000,서울특별시 광진구 자양동 0790-0000 자양9차현대홈타운,37.5337410199579,127.069196416727,15억 1천
자양강변I-Park,179500,서울특별시 광진구 자양동 0809-0000 자양강변I-Park,37.5313074199095,127.069650109926,17억 9천
자양넥스빌,32000,서울특별시 광진구 자양동 0649-0007 자양넥스빌,37.530484044806,127.08061829374,3억 2천
자양동598-4,64500,서울특별시 광진구 자양동 0598-0004 자양동598-4,37.5312324230583,127.076684882479,6억 4천
자양동명진센트라임,40500,서울특별시 광진구 자양동 0219-0011 자양동명진센트라임,37.5364189766742,127.081870177833,4억
자양동현대,140000,서울특별시 광진구 자양동 0645-0005 자양동현대,37.5281164204926,127.082406512435,14억
자양드림빌,57500,서울특별시 광진구 자양동 0614-0008 자양드림빌,37.5341383748431,127.077994072121,5억 7천
자양리버사이드,64500,서울특별시 광진구 자양동 0639-0027 자양리버사이드,37.5302558701428,127.078945343379,6억 4천
자양리치빌V,59900,서울특별시 광진구 자양동 0046-0033 자양리치빌V,37.5352864357348,127.065529413524,5억 9천
자양리치빌Ⅲ,69000,서울특별시 광진구 자양동 0054-0007 자양리치빌Ⅲ,37.5355682917335,127.063675581025,6억 9천
자양삼성,98000,서울특별시 광진구 자양동 0787-0000 자양삼성,37.5322139950177,127.071628722208,9억 8천
자양우성7,82000,서울특별시 광진구 자양동 0783-0001 자양우성7,37.5363526161092,127.074596726286,8억 2천
자양하늘채베르,92300,서울특별시 광진구 자양동 0862-0000 자양하늘채베르,37.5326514628925,127.084527198828,9억 2천
자양현대5,94500,서울특별시 광진구 자양동 0642-0000 자양현대5,37.5286009922175,127.078281546378,9억 4천
자양현대6,164500,서울특별시 광진구 자양동 0786-0000 자양현대6,37.5328457586157,127.071658855725,16억 4천
자양호반써밋,97500,서울특별시 광진구 자양동 0861-0000 자양호반써밋,37.5374300374627,127.068800532801,9억 7천
자양힐101동,89500,서울특별시 광진구 자양동 0810-0000 자양힐101동,37.5401127232157,127.081730289398,8억 9천
장안빌라,47000,서울특별시 광진구 자양동 0660-0018 장안빌라,37.5322867158221,127.082519826493,4억 7천
장원캐슬,38000,서울특별시 광진구 구의동 0248-0007 장원캐슬,37.5400213236368,127.086218624132,3억 8천
정든타운,45000,서울특별시 광진구 자양동 0649-0005 정든타운,37.530484044806,127.08061829374,4억 5천
정수아트빌(126-42),34900,서울특별시 광진구 중곡동 0126-0042 정수아트빌(126-42),37.5583188458847,127.086645444599,3억 4천
정수아트빌B동,17000,서울특별시 광진구 중곡동 0096-0027 정수아트빌B동,37.5548704323653,127.090524285542,1억 7천
정운빌라,31000,서울특별시 광진구 구의동 0210-0062 정운빌라,37.539967573202,127.091669220306,3억 1천
정익제이타워,17000,서울특별시 광진구 화양동 0111-0022 정익제이타워,37.546588932672,127.073059236964,1억 7천
정익제이타워1차,18700,서울특별시 광진구 중곡동 0639-0004 정익제이타워1차,37.5583245106357,127.077731011184,1억 8천
정익제이타워2차,19800,서울특별시 광진구 중곡동 0639-0006 정익제이타워2차,37.5581131300193,127.078014414076,1억 9천
정익제이타워2차102동,22400,서울특별시 광진구 화양동 0111-0037 정익제이타워2차102동,37.5468628715603,127.072269871354,2억 2천
정인빌B,49200,서울특별시 광진구 중곡동 0257-0008 정인빌B,37.561711160965,127.079111851095,4억 9천
정현빌라,40300,서울특별시 광진구 자양동 0654-0021 정현빌라,37.5325700791411,127.081874682118,4억
정화그린빌,40000,서울특별시 광진구 구의동 0060-0015 정화그린빌,37.5483244237524,127.091211526207,4억
제이와이빌라,43000,서울특별시 광진구 자양동 0227-0098 제이와이빌라,37.53758864738,127.075948924833,4억 3천
제이원하이텔,16500,서울특별시 광진구 자양동 0608-0021 제이원하이텔,37.5329822584672,127.076125729028,1억 6천
제이파크,135000,서울특별시 광진구 자양동 0055-0004 제이파크,37.5350286132454,127.063636880006,13억 5천
조일리더스빌,47000,서울특별시 광진구 구의동 0204-0004 조일리더스빌,37.5433727604284,127.092196505353,4억 7천
주성AURA,51500,서울특별시 광진구 중곡동 0130-0005 주성AURA,37.5556350613344,127.086007885908,5억 1천
주성아우라 오피스텔,14000,서울특별시 광진구 광장동 0120-0000 주성아우라 오피스텔,37.5507588208397,127.109266202988,1억 4천
주성힐스톤,71500,서울특별시 광진구 구의동 0664-0000 주성힐스톤,37.5433817680657,127.091155037089,7억 1천
주영빌라,28500,서울특별시 광진구 중곡동 0073-0023 주영빌라,37.5599646742063,127.095771934451,2억 8천
주원그린빌(169-110),31000,서울특별시 광진구 중곡동 0169-0110 주원그린빌(169-110),37.5684563590705,127.084217650445,3억 1천
준하우스,48400,서울특별시 광진구 구의동 0060-0068 준하우스,37.5486159925561,127.091553407401,4억 8천
준하우스빌(548-5),32000,서울특별시 광진구 중곡동 0548-0005 준하우스빌(548-5),37.5711014753028,127.084127014853,3억 2천
중곡1단지,45000,서울특별시 광진구 중곡동 0191-0077 중곡1단지,37.5663930801518,127.078867897689,4억 5천
중곡2단지,48300,서울특별시 광진구 중곡동 0190-0026 중곡2단지,37.5667790987175,127.078414071305,4억 8천
중곡동광덕,58000,서울특별시 광진구 중곡동 0683-0000 중곡동광덕,37.568459982887,127.079377521232,5억 8천
중곡메르디앙,48800,서울특별시 광진구 중곡동 0258-0001 중곡메르디앙,37.5614034503408,127.080077536995,4억 8천
중곡아트빌,19000,서울특별시 광진구 중곡동 0193-0028 중곡아트빌,37.5660245581403,127.081672453951,1억 9천
중곡에스하임3,40664,서울특별시 광진구 중곡동 0119-0009 중곡에스하임3,37.5547176476225,127.086771536252,4억
중곡트라움,35000,서울특별시 광진구 중곡동 0253-0008 중곡트라움,37.5619849926536,127.07620661419,3억 5천
중앙하이츠빌라,29500,서울특별시 광진구 중곡동 0097-0028 중앙하이츠빌라,37.5549537965262,127.091198329069,2억 9천
중원아트빌102,20000,서울특별시 광진구 중곡동 0106-0031 중원아트빌102,37.5560820907778,127.09387401233,2억
지우빌1차,33600,서울특별시 광진구 구의동 0638-0010 지우빌1차,37.5439019203918,127.08257370291,3억 3천
지은아트빌(617-3),47500,서울특별시 광진구 구의동 0617-0003 지은아트빌(617-3),37.5483795262322,127.086472794771,4억 7천
진성리버뷰,140000,서울특별시 광진구 자양동 0193-0002 진성리버뷰,37.5350572586674,127.061954475059,14억
진성빌,59500,서울특별시 광진구 자양동 0684-0005 진성빌,37.5326927895616,127.088020636314,5억 9천
진양아트빌,25000,서울특별시 광진구 중곡동 0239-0049 진양아트빌,37.5642573106801,127.078399996154,2억 5천
진양아트빌라,48000,서울특별시 광진구 자양동 0643-0009 진양아트빌라,37.5289587058647,127.079872348115,4억 8천
진연빌(610-3),77200,서울특별시 광진구 자양동 0610-0003 진연빌(610-3),37.5342900647094,127.076259773151,7억 7천
"진연빌(A,B동)",80000,"서울특별시 광진구 자양동 0803-0004 진연빌(A,B동)",37.5361438079325,127.076777824445,8억
진연빌10차,59990,서울특별시 광진구 자양동 0622-0007 진연빌10차,37.5341111911409,127.080108084918,5억 9천
진연빌2차,75500,서울특별시 광진구 자양동 0652-0037 진연빌2차,37.5314120831794,127.08100282705,7억 5천
진영베스트빌(45-24),43500,서울특별시 광진구 구의동 0045-0024 진영베스트빌(45-24),37.5508107320457,127.094753832311,4억 3천
진주빌라(10-7),69500,서울특별시 광진구 자양동 0010-0007 진주빌라(10-7),37.5397900060845,127.065833993292,6억 9천
청구,167000,서울특별시 광진구 광장동 0566-0000 청구,37.542465879397,127.096292344384,16억 7천
청구빌라(603-27),44500,서울특별시 광진구 자양동 0603-0027 청구빌라(603-27),37.5320497274074,127.076952272319,4억 4천
청라빌라(208-35),28000,서울특별시 광진구 구의동 0208-0035 청라빌라(208-35),37.5420553682686,127.091786626807,2억 8천
청록빌라,37900,서울특별시 광진구 자양동 0614-0050 청록빌라,37.5341383748431,127.077994072121,3억 7천
청솔빌라,35000,서울특별시 광진구 구의동 0043-0005 청솔빌라,37.5504987335561,127.095403914563,3억 5천
청수그린빌,31000,서울특별시 광진구 구의동 0052-0013 청수그린빌,37.5523540113767,127.090791149039,3억 1천
청운명가(235-28),42000,서울특별시 광진구 중곡동 0235-0028 청운명가(235-28),37.5652930134952,127.077569600862,4억 2천
청운빌라(208-46),35000,서울특별시 광진구 구의동 0208-0046 청운빌라(208-46),37.5418280342497,127.091917718437,3억 5천
청정팰리스,70000,서울특별시 광진구 자양동 0548-0000 청정팰리스,37.5374625048564,127.067968372685,7억
청호빌라,31000,서울특별시 광진구 화양동 0068-0001 청호빌라,37.5456286086276,127.071206347902,3억 1천
청호아트빌,34500,서울특별시 광진구 구의동 0644-0006 청호아트빌,37.5431421084744,127.082701408665,3억 4천
첼시하우스,43500,서울특별시 광진구 자양동 0677-0012 첼시하우스,37.5315419526742,127.085178748319,4억 3천
케이타워 오피스텔 A,14300,서울특별시 광진구 화양동 0021-0023 케이타워 오피스텔 A,37.5478131170568,127.068710945053,1억 4천
케이타워 오피스텔 B,14500,서울특별시 광진구 화양동 0021-0022 케이타워 오피스텔 B,37.5476898348204,127.068600046677,1억 4천
코지하우스,40000,서울특별시 광진구 광장동 0248-0019 코지하우스,37.546456041674,127.103638147719,4억
크레신타워3차,17000,서울특별시 광진구 구의동 0246-0014 크레신타워3차,37.5370438536158,127.084382917583,1억 7천
크로마하우스5차,67500,서울특별시 광진구 자양동 0227-0166 크로마하우스5차,37.537042503004,127.075602711389,6억 7천
키스톤하우스-7,68000,서울특별시 광진구 자양동 0227-0279 키스톤하우스-7,37.5358359484662,127.075500908574,6억 8천
타워더모스트광진아크로텔,30800,서울특별시 광진구 자양동 0779-0000 타워더모스트광진아크로텔,37.5375239543766,127.082272036701,3억
타임빌,52000,서울특별시 광진구 자양동 0227-0109 타임빌,37.5374999394631,127.076305245404,5억 2천
태라(중곡),57000,서울특별시 광진구 중곡동 0234-0047 태라(중곡),37.5647333374384,127.078081985738,5억 7천
태솔타운,65000,서울특별시 광진구 자양동 0679-0028 태솔타운,37.53205570176,127.084679941568,6억 5천
태언빌리지,93594,서울특별시 광진구 자양동 0690-0049 태언빌리지,37.5313121547892,127.088062232096,9억 3천
태영아트빌,31300,서울특별시 광진구 중곡동 0293-0032 태영아트빌,37.5692598645996,127.086954799058,3억 1천
태진빌리지,36000,서울특별시 광진구 구의동 0035-0010 태진빌리지,37.5515522056516,127.095706735403,3억 6천
테라리움구의,39000,서울특별시 광진구 구의동 0208-0037 테라리움구의,37.5418795733425,127.091683442241,3억 9천
테라팰리스 건대4차,48290,서울특별시 광진구 화양동 0002-0010 테라팰리스 건대4차,37.5448042098709,127.072660200155,4억 8천
테라팰리스건대1차,55000,서울특별시 광진구 화양동 0531-0000 테라팰리스건대1차,37.543926759636,127.068068952383,5억 5천
테라팰리스건대2차,80000,서울특별시 광진구 자양동 0860-0000 테라팰리스건대2차,37.5382459828861,127.077937363821,8억
테라팰리스중곡1,68000,서울특별시 광진구 중곡동 0624-0019 테라팰리스중곡1,37.5603668238581,127.076869110827,6억 8천
테라팰리스중곡Ⅱ,33000,서울특별시 광진구 중곡동 0624-0051 테라팰리스중곡Ⅱ,37.5606007301724,127.076857467116,3억 3천
테미하우스(121-45),35500,서울특별시 광진구 중곡동 0121-0045 테미하우스(121-45),37.5564454844413,127.086164319571,3억 5천
파라다이스리버빌,190000,서울특별시 광진구 자양동 0690-0058 파라다이스리버빌,37.5302264807888,127.088621201228,19억
파랑새빌라,90000,서울특별시 광진구 자양동 0683-0006 파랑새빌라,37.5331867554481,127.087728411352,9억
파랑새빌라(556-2),23000,서울특별시 광진구 구의동 0556-0002 파랑새빌라(556-2),37.5553833600695,127.09388320825,2억 3천
파랑새빌라(619-10),63000,서울특별시 광진구 자양동 0619-0010 파랑새빌라(619-10),37.533610644983,127.078693861166,6억 3천
파르네빌,110000,서울특별시 광진구 구의동 0587-0058 파르네빌,37.5360266774121,127.091219061459,11억
파인빌(150-79),31000,서울특별시 광진구 중곡동 0150-0079 파인빌(150-79),37.5618700222882,127.087638097653,3억 1천
파인캐슬,74500,서울특별시 광진구 구의동 0068-0023 파인캐슬,37.5462617445045,127.086942449589,7억 4천
파인힐빌,35000,서울특별시 광진구 구의동 0036-0014 파인힐빌,37.5508394539873,127.096116165198,3억 5천
파크홈Ⅰ,23000,서울특별시 광진구 중곡동 0191-0017 파크홈Ⅰ,37.5670616972219,127.079823933823,2억 3천
팔라티노(684-18),70000,서울특별시 광진구 자양동 0684-0018 팔라티노(684-18),37.5325886812712,127.088439579985,7억
팔라티노(684-19),71000,서울특별시 광진구 자양동 0684-0019 팔라티노(684-19),37.5325772598762,127.088290675894,7억 1천
퍼시픽빌리지C동,27000,서울특별시 광진구 중곡동 0170-0051 퍼시픽빌리지C동,37.5676459417376,127.08303320475,2억 7천
평강온새미로,36000,서울특별시 광진구 군자동 0466-0010 평강온새미로,37.5582545515632,127.075009583636,3억 6천
포시즌파크,42000,서울특별시 광진구 자양동 0589-0021 포시즌파크,37.5307091135724,127.073581706558,4억 2천
포제스 한강,495000,서울특별시 광진구 광장동 0188-0002 포제스 한강,37.5473964463737,127.109492483067,49억 5천
푸른빌라,28000,서울특별시 광진구 구의동 0254-0058 푸른빌라,37.5416950329561,127.083186592474,2억 8천
풍경채,51200,서울특별시 광진구 중곡동 0129-0005 풍경채,37.5564070188516,127.085659402599,5억 1천
풍미트윈빌B,56500,서울특별시 광진구 구의동 0202-0031 풍미트윈빌B,37.5425772254547,127.09351127883,5억 6천
퓨전빌,71000,서울특별시 광진구 구의동 0244-0006 퓨전빌,37.5386025419305,127.090874609025,7억 1천
프라임빌Ⅲ,64000,서울특별시 광진구 자양동 0664-0015 프라임빌Ⅲ,37.5301986024045,127.083987264985,6억 4천
플러스빌,34000,서울특별시 광진구 중곡동 0134-0044 플러스빌,37.5570507547209,127.083813337563,3억 4천
하나빌라,40000,서울특별시 광진구 능동 0160-0000 하나빌라,37.5535451912373,127.080918359188,4억
하늘쉐르빌,37000,서울특별시 광진구 군자동 0367-0010 하늘쉐르빌,37.5492854840638,127.072257612166,3억 7천
하우징허브이어짐,28800,서울특별시 광진구 중곡동 0124-0055 하우징허브이어짐,37.5580340984258,127.087179085089,2억 8천
하우트빌,39000,서울특별시 광진구 구의동 0251-0161 하우트빌,37.541357129364,127.084370126705,3억 9천
하이눈빌라,35000,서울특별시 광진구 중곡동 0150-0193 하이눈빌라,37.5604329789643,127.086598772256,3억 5천
하이뷰오피스텔,25000,서울특별시 광진구 화양동 0193-0000 하이뷰오피스텔,37.5473723706648,127.072295485009,2억 5천
하이브빌(104-79),38000,서울특별시 광진구 중곡동 0104-0079 하이브빌(104-79),37.5555285518877,127.093831443788,3억 8천
하이시티빌,45000,서울특별시 광진구 자양동 0669-0015 하이시티빌,37.5290076162535,127.084173617871,4억 5천
한가람빌리지,69669,서울특별시 광진구 자양동 0690-0053 한가람빌리지,37.5313121547892,127.088062232096,6억 9천
한강극동,139000,서울특별시 광진구 자양동 0057-0103 한강극동,37.5337685742881,127.064448158666,13억 9천
한강로얄,122000,서울특별시 광진구 자양동 0498-0002 한강로얄,37.5327127713092,127.070611061586,12억 2천
한강맨숀,142448,서울특별시 광진구 자양동 0689-0004 한강맨숀,37.5311681188657,127.088858657753,14억 2천
한강빌라,80000,서울특별시 광진구 구의동 0587-0069 한강빌라,37.5372634939351,127.090145456311,8억
한강삼성그린빌,70000,서울특별시 광진구 자양동 0597-0003 한강삼성그린빌,37.5311102689409,127.077342533316,7억
한강성원,97000,서울특별시 광진구 자양동 0831-0001 한강성원,37.5332585587887,127.066005089171,9억 7천
한강아남,89900,서울특별시 광진구 자양동 0830-0000 한강아남,37.5333808893661,127.065076657108,8억 9천
한강아르떼빌,70000,서울특별시 광진구 자양동 0794-0001 한강아르떼빌,37.5377458648809,127.077347915388,7억
한강아트빌(639-19),71000,서울특별시 광진구 자양동 0639-0019 한강아트빌(639-19),37.5302558701428,127.078945343379,7억 1천
한강우성,178000,서울특별시 광진구 자양동 0087-0001 한강우성,37.5325736855436,127.065722204383,17억 8천
한강팰리스,53000,서울특별시 광진구 중곡동 0107-0038 한강팰리스,37.5560962385756,127.092616324066,5억 3천
한강현대,135000,서울특별시 광진구 자양동 0829-0000 한강현대,37.5330883482377,127.066826558539,13억 5천
한강현대아파트,44500,서울특별시 광진구 광장동 0457-0024 한강현대아파트,37.5419041537347,127.100981694053,4억 4천
한그랑빌2,45000,서울특별시 광진구 군자동 0158-0002 한그랑빌2,37.5557131939807,127.0732957362,4억 5천
한라아파트,98000,서울특별시 광진구 자양동 0762-0000 한라아파트,37.5356576727188,127.070038503855,9억 8천
한성빌라,24500,서울특별시 광진구 구의동 0043-0019 한성빌라,37.5503167208055,127.095306133854,2억 4천
한솔리베르,90000,서울특별시 광진구 자양동 0672-0000 한솔리베르,37.5281408521584,127.084678683607,9억
한신빌,38500,서울특별시 광진구 군자동 0048-0041 한신빌,37.556152220674,127.075487335764,3억 8천
한양,278000,서울특별시 광진구 자양동 0695-0000 한양,37.531444176204,127.091000782641,27억 8천
한양강변빌라트,75000,서울특별시 광진구 구의동 0596-0004 한양강변빌라트,37.533849556285,127.090207194873,7억 5천
한양센트빌,58000,서울특별시 광진구 자양동 0663-0010 한양센트빌,37.5302849793868,127.083136923799,5억 8천
한양에버빌,72000,서울특별시 광진구 자양동 0774-0006 한양에버빌,37.5380705854115,127.079518298336,7억 2천
한양에버빌(628-13),44500,서울특별시 광진구 자양동 0628-0013 한양에버빌(628-13),37.534581591478,127.083379743514,4억 4천
한양에버빌V,50000,서울특별시 광진구 자양동 0774-0003 한양에버빌V,37.5380705854115,127.079518298336,5억
한양팰리스,58000,서울특별시 광진구 중곡동 0247-0021 한양팰리스,37.5633798073673,127.077753807012,5억 8천
한양팰리스(589-7),47000,서울특별시 광진구 자양동 0589-0007 한양팰리스(589-7),37.5307091135724,127.073581706558,4억 7천
한양팰리스(662-16),73000,서울특별시 광진구 자양동 0662-0016 한양팰리스(662-16),37.5311678984977,127.083097061463,7억 3천
한양하이츠빌라,30200,서울특별시 광진구 구의동 0060-0051 한양하이츠빌라,37.5470782727742,127.091418562914,3억
한영그린빌,81000,서울특별시 광진구 자양동 0593-0027 한영그린빌,37.5301698011843,127.076377537785,8억 1천
한영해시안아파트,64500,서울특별시 광진구 구의동 0071-0006 한영해시안아파트,37.5489172581789,127.089948891857,6억 4천
한울터,23000,서울특별시 광진구 중곡동 0097-0008 한울터,37.5551609631655,127.09116293207,2억 3천
한울프라이빗,44000,서울특별시 광진구 중곡동 0233-0069 한울프라이빗,37.5644789185525,127.078591401223,4억 4천
한울피렌체(123-2),22700,서울특별시 광진구 중곡동 0123-0002 한울피렌체(123-2),37.5573950652967,127.087727811386,2억 2천
한일트윈빌A,51200,서울특별시 광진구 구의동 0641-0008 한일트윈빌A,37.5434937534537,127.081817601926,5억 1천
한창주택2동,104300,서울특별시 광진구 자양동 0694-0003 한창주택2동,37.5334450169164,127.089006630934,10억 4천
한화꿈에그린,213000,서울특별시 광진구 자양동 0853-0000 한화꿈에그린,37.5336376083461,127.061846609299,21억 3천
해비치빌,54000,서울특별시 광진구 자양동 0478-0001 해비치빌,37.5315799136534,127.071408629528,5억 4천
해성빌라(288-28),25000,서울특별시 광진구 중곡동 0288-0028 해성빌라(288-28),37.5698816104589,127.08711897568,2억 5천
해피하우스,32000,서울특별시 광진구 구의동 0226-0021 해피하우스,37.5432615659281,127.089991884683,3억 2천
행복한집(47-5),32000,서울특별시 광진구 중곡동 0047-0005 행복한집(47-5),37.5600029612146,127.081627173047,3억 2천
헤렌하우스(772-19),65000,서울특별시 광진구 자양동 0772-0019 헤렌하우스(772-19),37.5384434802504,127.079961667276,6억 5천
현대13차폴라트리움,145000,서울특별시 광진구 구의동 0199-0023 현대13차폴라트리움,37.539418435938,127.094611329543,14억 5천
현대3,98500,서울특별시 광진구 광장동 0484-0000 현대3,37.5406210672303,127.098604360419,9억 8천
현대5,180000,서울특별시 광진구 광장동 0554-0007 현대5,37.5397148467697,127.100097759202,18억
"현대8(801동,802동)",161000,"서울특별시 광진구 광장동 0565-0000 현대8(801동,802동)",37.541939865593,127.099671092254,16억 1천
현대8(803동),134500,서울특별시 광진구 광장동 0569-0000 현대8(803동),37.5416047961619,127.098475191227,13억 4천
현대강변,119000,서울특별시 광진구 자양동 0673-0000 현대강변,37.5284372034525,127.085909787145,11억 9천
현대골든텔,29000,서울특별시 광진구 광장동 0102-0000 현대골든텔,37.5516194181635,127.110947204792,2억 9천
현대그랑빌,60000,서울특별시 광진구 자양동 0679-0007 현대그랑빌,37.53205570176,127.084679941568,6억
현대그린빌,53000,서울특별시 광진구 자양동 0775-0003 현대그린빌,37.5382039791356,127.079984267276,5억 3천
현대그린타운,27800,서울특별시 광진구 중곡동 0599-0002 현대그린타운,37.5707098741828,127.088118559191,2억 7천
현대로얄빌라,44700,서울특별시 광진구 구의동 0210-0019 현대로얄빌라,37.5401620291758,127.09187505231,4억 4천
현대맨숀(586-1),140000,서울특별시 광진구 자양동 0586-0001 현대맨숀(586-1),37.5317357372716,127.073544814041,14억
현대빌라(233-25),39500,서울특별시 광진구 구의동 0233-0025 현대빌라(233-25),37.544563098291,127.087785419214,3억 9천
현대빌라(239-115),18000,서울특별시 광진구 구의동 0239-0115 현대빌라(239-115),37.5417904699469,127.08739858072,1억 8천
현대빌라(35-2),38500,서울특별시 광진구 중곡동 0035-0002 현대빌라(35-2),37.5621173406993,127.08629954075,3억 8천
현대빌라(60-2),34500,서울특별시 광진구 구의동 0060-0002 현대빌라(60-2),37.5481332175872,127.092733665131,3억 4천
현대빌라(73-23),53000,서울특별시 광진구 구의동 0073-0023 현대빌라(73-23),37.5491915869396,127.091039894825,5억 3천
현대빌라트(643-23),170000,서울특별시 광진구 자양동 0643-0023 현대빌라트(643-23),37.5289587058647,127.079872348115,17억
현대아트빌라(241-1),16800,서울특별시 광진구 구의동 0241-0001 현대아트빌라(241-1),37.5408278530217,127.087261901919,1억 6천
현대아트빌라(31-21),27300,서울특별시 광진구 구의동 0031-0021 현대아트빌라(31-21),37.5530279186037,127.093610456989,2억 7천
현대캐슬(194-3),46000,서울특별시 광진구 중곡동 0194-0003 현대캐슬(194-3),37.5695328774427,127.085084461911,4억 6천
현대타운2,22000,서울특별시 광진구 구의동 0220-0055 현대타운2,37.5398755503823,127.090305879076,2억 2천
현대파크빌,52000,서울특별시 광진구 자양동 0666-0027 현대파크빌,37.529122325173,127.083650277871,5억 2천
현대파크빌(B),41300,서울특별시 광진구 구의동 0043-0023 현대파크빌(B),37.5500308653512,127.095267406896,4억 1천
현대팰리스,64170,서울특별시 광진구 구의동 0231-0018 현대팰리스,37.5432620368722,127.08865462063,6억 4천
현대프라임,300000,서울특별시 광진구 구의동 0631-0001 현대프라임,37.5373977464389,127.097621063329,30억
현대하이츠빌라,18000,서울특별시 광진구 중곡동 0051-0033 현대하이츠빌라,37.5589212067061,127.083456882882,1억 8천
"현대하이츠빌라(A,B동)",19000,"서울특별시 광진구 광장동 0388-0003 현대하이츠빌라(A,B동)",37.5475890179171,127.101073554536,1억 9천
현대홈타운12차,248000,서울특별시 광진구 광장동 0580-0000 현대홈타운12차,37.5449488629893,127.103006566384,24억 8천
현진(96-35),53500,서울특별시 광진구 중곡동 0096-0035 현진(96-35),37.5548798952942,127.090285729434,5억 3천
현진빌,39500,서울특별시 광진구 구의동 0031-0001 현진빌,37.5529624060386,127.093736672279,3억 9천
현진빌라(35-24),12000,서울특별시 광진구 구의동 0035-0024 현진빌라(35-24),37.5509646804706,127.095129966449,1억 2천
현진빌라(46-19),36000,서울특별시 광진구 구의동 0046-0019 현진빌라(46-19),37.5504053759011,127.094187151183,3억 6천
현진빌라(69-25),44000,서울특별시 광진구 구의동 0069-0025 현진빌라(69-25),37.5465566719878,127.087632388442,4억 4천
현진시티빌,40000,서울특별시 광진구 구의동 0060-0058 현진시티빌,37.5478722682284,127.090553957448,4억
현진에코빌,31400,서울특별시 광진구 중곡동 0568-0008 현진에코빌,37.5709764973402,127.081573493565,3억 1천
혜성빌2차,55500,서울특별시 광진구 중곡동 0111-0022 혜성빌2차,37.5541216310993,127.091900901064,5억 5천
호동,74000,서울특별시 광진구 군자동 0343-0012 호동,37.5513731992628,127.070599125655,7억 4천
호수빌라,31700,서울특별시 광진구 자양동 0225-0071 호수빌라,37.5391120528295,127.075817180866,3억 1천
홀가하우스,45700,서울특별시 광진구 중곡동 0158-0031 홀가하우스,37.5579307392969,127.080341597531,4억 5천
화양 디펠리체,19000,서울특별시 광진구 화양동 0018-0009 화양 디펠리체,37.5477861709364,127.069644391626,1억 9천
화양동동도센트리움캠퍼스파크,21800,서울특별시 광진구 화양동 0116-0002 화양동동도센트리움캠퍼스파크,37.5475974741756,127.070902005783,2억 1천
화양현대,90000,서울특별시 광진구 화양동 0234-0000 화양현대,37.5445067326266,127.065844703899,9억
황실빌라,40500,서울특별시 광진구 자양동 0513-0007 황실빌라,37.5359217346748,127.07052843728,4억
효성리버카운티,17800,서울특별시 광진구 광장동 0108-0000 효성리버카운티,37.5514205243398,127.110030934525,1억 7천
효성맨숀가동,144184,서울특별시 광진구 자양동 0689-0000 효성맨숀가동,37.5312742924,127.088451151861,14억 4천
효성맨숀나동,146639,서울특별시 광진구 자양동 0689-0007 효성맨숀나동,37.5310948409352,127.088534095287,14억 6천
휘게빌,59500,서울특별시 광진구 중곡동 0246-0054 휘게빌,37.5624615723331,127.077935531598,5억 9천
힐그린하우스(89-21),49000,서울특별시 광진구 중곡동 0089-0021 힐그린하우스(89-21),37.5564024009007,127.090285302808,4억 9천
힐그린하우스(90-4),46000,서울특별시 광진구 중곡동 0090-0004 힐그린하우스(90-4),37.5561409345955,127.090045284034,4억 6천
힐빌라트,33500,서울특별시 광진구 구의동 0020-0012 힐빌라트,37.554656542302,127.095880463454,3억 3천
힐스포레중곡,61700,서울특별시 광진구 중곡동 0169-0053 힐스포레중곡,37.5680869249536,127.084380231627,6억 1천
힐알펜시아,66000,서울특별시 광진구 구의동 0211-0021 힐알펜시아,37.540457165844,127.092491632942,6억 6천
힐카운티8,48000,서울특별시 광진구 구의동 0596-0008 힐카운티8,37.533849556285,127.090207194873,4억 8천
힐카운티9,47500,서울특별시 광진구 구의동 0596-0009 힐카운티9,37.533849556285,127.090207194873,4억 7천
힐하우스,39500,서울특별시 광진구 자양동 0610-0024 힐하우스,37.5342900647094,127.076259773151,3억 9천
